C1
C1


******** <class 'pyscf.scf.hf.RHF'> ********
method = RHF
initial guess = minao
damping factor = 0
level_shift factor = 0
DIIS = <class 'pyscf.scf.diis.CDIIS'>
diis_start_cycle = 1
diis_space = 8
diis_damp = 0
SCF conv_tol = 1e-09
SCF conv_tol_grad = 1e-12
SCF max_cycles = 2000
direct_scf = True
direct_scf_tol = 1e-13
chkfile to save SCF result = /var/folders/yy/5bdyxkr12tgclq2rr66hj0m00000gp/T/tmpvl7yiaa2
max_memory 4000 MB (current use 0 MB)
Initial guess from minao.
init E= -24.8982113694236
  HOMO = -0.162860027571646  LUMO = 0.0298574725291149
cycle= 1 E= -25.0978120045507  delta_E= -0.2  |g|= 0.134  |ddm|= 1.23
  HOMO = -0.350982944323703  LUMO = 0.058360753781239
cycle= 2 E= -25.1082445917726  delta_E= -0.0104  |g|= 0.0313  |ddm|=  0.3
  HOMO = -0.332150132795937  LUMO = 0.0811625681682657
cycle= 3 E= -25.1089111976008  delta_E= -0.000667  |g|= 0.00857  |ddm|= 0.0713
  HOMO = -0.333189177193168  LUMO = 0.0799649034953717
cycle= 4 E= -25.1089739537377  delta_E= -6.28e-05  |g|= 0.000738  |ddm|= 0.0302
  HOMO = -0.333187857077646  LUMO = 0.0799096373221556
cycle= 5 E= -25.1089744455856  delta_E= -4.92e-07  |g|= 4.82e-05  |ddm|= 0.00308
  HOMO = -0.333182614270954  LUMO = 0.0799195124704601
cycle= 6 E= -25.1089744470428  delta_E= -1.46e-09  |g|= 3.92e-06  |ddm|= 0.000199
  HOMO = -0.333181912364975  LUMO = 0.0799201324788392
cycle= 7 E= -25.1089744470549  delta_E= -1.21e-11  |g|= 4.66e-07  |ddm|= 2.99e-05
  HOMO = -0.333182043717112  LUMO = 0.0799201096234401
cycle= 8 E= -25.1089744470551  delta_E= -1.92e-13  |g|= 4.95e-08  |ddm|= 4.15e-06
  HOMO = -0.333182053714117  LUMO = 0.0799201005623651
cycle= 9 E= -25.1089744470551  delta_E= -7.11e-15  |g|= 5.13e-09  |ddm|= 2.08e-07
  HOMO = -0.33318205443829  LUMO = 0.0799201004582855
cycle= 10 E= -25.1089744470551  delta_E=    0  |g|= 3.48e-09  |ddm|= 5.75e-09
  HOMO = -0.333182054480951  LUMO = 0.0799201003937397
cycle= 11 E= -25.1089744470551  delta_E= -3.55e-15  |g|= 2.62e-09  |ddm|= 2.94e-09
  HOMO = -0.333182054259653  LUMO = 0.0799201007246128
cycle= 12 E= -25.1089744470551  delta_E= 1.07e-14  |g|= 2.08e-09  |ddm|= 1.71e-09
  HOMO = -0.333182054158837  LUMO = 0.079920100873319
cycle= 13 E= -25.1089744470551  delta_E= -2.84e-14  |g|= 1.81e-09  |ddm|= 2.02e-09
  HOMO = -0.33318205403031  LUMO = 0.0799201010426174
cycle= 14 E= -25.1089744470551  delta_E= 3.55e-15  |g|= 1.82e-09  |ddm|= 2.36e-09
  HOMO = -0.333182053659508  LUMO = 0.0799201013994279
cycle= 15 E= -25.1089744470551  delta_E= 7.11e-15  |g|= 1.9e-09  |ddm|= 2.8e-09
  HOMO = -0.333182053425718  LUMO = 0.0799201014801524
cycle= 16 E= -25.1089744470551  delta_E= 1.07e-14  |g|= 2.3e-09  |ddm|= 1.05e-08
  HOMO = -0.333182053650473  LUMO = 0.0799201015128849
cycle= 17 E= -25.1089744470551  delta_E= 2.13e-14  |g|= 8.13e-10  |ddm|= 7.52e-09
  HOMO = -0.333182053671799  LUMO = 0.0799201015111646
cycle= 18 E= -25.1089744470551  delta_E=    0  |g|= 6.58e-10  |ddm|= 5.59e-10
  HOMO = -0.333182053678276  LUMO = 0.0799201015195082
cycle= 19 E= -25.1089744470551  delta_E= -3.55e-14  |g|= 5.46e-10  |ddm|= 3.47e-10
  HOMO = -0.333182053683105  LUMO = 0.0799201015252378
cycle= 20 E= -25.1089744470551  delta_E= 7.11e-15  |g|= 4.65e-10  |ddm|= 2.57e-10
  HOMO = -0.333182053688116  LUMO = 0.0799201015280307
cycle= 21 E= -25.1089744470551  delta_E= -7.11e-15  |g|= 4.05e-10  |ddm|= 2.24e-10
  HOMO = -0.333182053691763  LUMO = 0.0799201015309113
cycle= 22 E= -25.1089744470551  delta_E=    0  |g|= 3.49e-10  |ddm|= 1.84e-10
  HOMO = -0.33318205369412  LUMO = 0.0799201015341348
cycle= 23 E= -25.1089744470551  delta_E= 7.11e-15  |g|= 2.93e-10  |ddm|= 1.84e-10
  HOMO = -0.333182053700374  LUMO = 0.0799201015345985
cycle= 24 E= -25.1089744470551  delta_E= 1.42e-14  |g|= 2.33e-10  |ddm|= 2.22e-10
  HOMO = -0.333182053712669  LUMO = 0.0799201015352423
cycle= 25 E= -25.1089744470551  delta_E= -2.13e-14  |g|= 1.55e-10  |ddm|= 3.03e-10
  HOMO = -0.33318205371487  LUMO = 0.0799201015364813
cycle= 26 E= -25.1089744470551  delta_E= 2.84e-14  |g|= 1.28e-10  |ddm|= 7.65e-11
  HOMO = -0.3331820537167  LUMO = 0.0799201015374258
cycle= 27 E= -25.1089744470551  delta_E= -1.78e-14  |g|= 1.06e-10  |ddm|= 6e-11
  HOMO = -0.333182053718228  LUMO = 0.0799201015381923
cycle= 28 E= -25.1089744470551  delta_E=    0  |g|= 8.82e-11  |ddm|= 4.94e-11
  HOMO = -0.333182053719566  LUMO = 0.0799201015388223
cycle= 29 E= -25.1089744470551  delta_E= 1.07e-14  |g|= 7.27e-11  |ddm|= 4.2e-11
  HOMO = -0.333182053720723  LUMO = 0.0799201015393942
cycle= 30 E= -25.1089744470551  delta_E= -2.13e-14  |g|= 5.89e-11  |ddm|= 3.67e-11
  HOMO = -0.333182053721766  LUMO = 0.0799201015398821
cycle= 31 E= -25.1089744470551  delta_E= 1.07e-14  |g|= 4.69e-11  |ddm|= 3.21e-11
  HOMO = -0.33318205372276  LUMO = 0.0799201015402475
cycle= 32 E= -25.1089744470551  delta_E= -3.55e-15  |g|= 3.68e-11  |ddm|= 2.74e-11
  HOMO = -0.333182053723595  LUMO = 0.079920101540549
cycle= 33 E= -25.1089744470551  delta_E= -7.11e-15  |g|= 2.88e-11  |ddm|= 2.29e-11
  HOMO = -0.333182053724024  LUMO = 0.079920101540786
cycle= 34 E= -25.1089744470551  delta_E=    0  |g|= 2.36e-11  |ddm|= 1.39e-11
  HOMO = -0.333182053724378  LUMO = 0.0799201015409844
cycle= 35 E= -25.1089744470551  delta_E= 7.11e-15  |g|= 1.93e-11  |ddm|= 1.15e-11
  HOMO = -0.333182053724672  LUMO = 0.0799201015411507
cycle= 36 E= -25.1089744470551  delta_E= 3.91e-14  |g|= 1.56e-11  |ddm|= 9.58e-12
  HOMO = -0.333182053724918  LUMO = 0.0799201015412897
cycle= 37 E= -25.1089744470551  delta_E= -2.49e-14  |g|= 1.26e-11  |ddm|= 8.01e-12
  HOMO = -0.333182053725122  LUMO = 0.0799201015414062
cycle= 38 E= -25.1089744470551  delta_E= -7.11e-15  |g|= 1.01e-11  |ddm|= 6.66e-12
  HOMO = -0.33318205372529  LUMO = 0.0799201015415007
cycle= 39 E= -25.1089744470551  delta_E= -3.55e-15  |g|= 8.09e-12  |ddm|= 5.43e-12
  HOMO = -0.333182053725426  LUMO = 0.0799201015415754
cycle= 40 E= -25.1089744470551  delta_E= 7.11e-15  |g|= 6.48e-12  |ddm|= 4.33e-12
  HOMO = -0.333182053725529  LUMO = 0.0799201015416356
cycle= 41 E= -25.1089744470551  delta_E= -3.2e-14  |g|= 5.22e-12  |ddm|= 3.38e-12
  HOMO = -0.333182053725605  LUMO = 0.0799201015416842
cycle= 42 E= -25.1089744470551  delta_E= 7.11e-15  |g|= 4.24e-12  |ddm|= 2.61e-12
  HOMO = -0.333182053725666  LUMO = 0.0799201015417247
cycle= 43 E= -25.1089744470551  delta_E= 7.11e-15  |g|= 3.43e-12  |ddm|= 2.15e-12
  HOMO = -0.333182053725716  LUMO = 0.0799201015417579
cycle= 44 E= -25.1089744470551  delta_E= 7.11e-15  |g|= 2.77e-12  |ddm|= 1.77e-12
  HOMO = -0.333182053725756  LUMO = 0.0799201015417855
cycle= 45 E= -25.1089744470551  delta_E= 7.11e-15  |g|= 2.23e-12  |ddm|= 1.44e-12
  HOMO = -0.333182053725789  LUMO = 0.0799201015418076
cycle= 46 E= -25.1089744470551  delta_E= 1.42e-14  |g|= 1.79e-12  |ddm|= 1.17e-12
  HOMO = -0.333182053725815  LUMO = 0.0799201015418247
cycle= 47 E= -25.1089744470551  delta_E= -1.42e-14  |g|= 1.44e-12  |ddm|= 9.37e-13
  HOMO = -0.333182053725835  LUMO = 0.0799201015418394
cycle= 48 E= -25.1089744470551  delta_E=    0  |g|= 1.16e-12  |ddm|= 7.5e-13
  HOMO = -0.333182053725852  LUMO = 0.0799201015418508
cycle= 49 E= -25.1089744470551  delta_E= 3.55e-15  |g|= 9.4e-13  |ddm|= 6e-13
  HOMO = -0.333182053725893  LUMO = 0.079920101541885
Extra cycle  E= -25.1089744470551  delta_E= -1.07e-14  |g|= 3.21e-13  |ddm|= 1.67e-12
converged SCF energy = -25.1089744470551

WARN: Mulitple states found in CASCI solver. First state is used to compute the Fock matrix and natural orbitals in active space.

CASCI state   0  E = -25.1384677686459  E(CI) = -27.2854040905146  S^2 = 0.0000000
CASCI state   1  E = -25.0907105437040  E(CI) = -27.2376468655727  S^2 = 2.0000000
CASCI state   2  E = -25.0907105437040  E(CI) = -27.2376468655727  S^2 = 2.0000000
CASCI state   3  E = -25.0144081711017  E(CI) = -27.1613444929704  S^2 = 0.0000000
CASCI state   4  E = -25.0144081711017  E(CI) = -27.1613444929704  S^2 = 0.0000000
CASCI state   5  E = -24.9464553039630  E(CI) = -27.0933916258317  S^2 = 2.0000000
CASCI state   6  E = -24.8828171852527  E(CI) = -27.0297535071214  S^2 = 0.0000000
CASCI state   7  E = -24.8828171852527  E(CI) = -27.0297535071214  S^2 = 0.0000000
CASCI state   8  E = -24.8404100624857  E(CI) = -26.9873463843544  S^2 = 0.0000000
CASCI state   9  E = -24.8385682122348  E(CI) = -26.9855045341035  S^2 = 6.0000000
CASCI state  10  E = -24.8297105959161  E(CI) = -26.9766469177848  S^2 = 2.0000000
CASCI state  11  E = -24.8080102660202  E(CI) = -26.9549465878889  S^2 = 2.0000000
CASCI state  12  E = -24.8080102660202  E(CI) = -26.9549465878889  S^2 = 2.0000000
CASCI state  13  E = -24.7309319884348  E(CI) = -26.8778683103035  S^2 = 0.0000000
CASCI state  14  E = -24.7176413931847  E(CI) = -26.8645777150534  S^2 = 0.0000000
CASCI state  15  E = -24.7176413931847  E(CI) = -26.8645777150534  S^2 = 0.0000000
CASCI state  16  E = -24.7010363230641  E(CI) = -26.8479726449328  S^2 = 2.0000000
CASCI state  17  E = -24.7010363230641  E(CI) = -26.8479726449328  S^2 = 2.0000000
CASCI state  18  E = -24.6527998524919  E(CI) = -26.7997361743606  S^2 = 2.0000000
CASCI state  19  E = -24.6526023442875  E(CI) = -26.7995386661562  S^2 = 2.0000000
CASCI state  20  E = -24.6462875197853  E(CI) = -26.7932238416540  S^2 = 2.0000000
CASCI state  21  E = -24.6462875197853  E(CI) = -26.7932238416540  S^2 = 2.0000000
CASCI state  22  E = -24.6421089292622  E(CI) = -26.7890452511309  S^2 = 2.0000000
CASCI state  23  E = -24.6089010425664  E(CI) = -26.7558373644351  S^2 = 0.0000000
CASCI state  24  E = -24.6089010425664  E(CI) = -26.7558373644351  S^2 = 0.0000000
CASCI state  25  E = -24.6062984102970  E(CI) = -26.7532347321657  S^2 = 0.0000000
CASCI state  26  E = -24.6062984102970  E(CI) = -26.7532347321657  S^2 = 0.0000000
CASCI state  27  E = -24.6058522138345  E(CI) = -26.7527885357032  S^2 = 6.0000000
CASCI state  28  E = -24.6058522138345  E(CI) = -26.7527885357032  S^2 = 6.0000000
CASCI state  29  E = -24.5614479685452  E(CI) = -26.7083842904139  S^2 = 0.0000000
CASCI state  30  E = -24.5598147046667  E(CI) = -26.7067510265354  S^2 = 0.0000000
CASCI state  31  E = -24.5489897435721  E(CI) = -26.6959260654408  S^2 = 2.0000000
CASCI state  32  E = -24.5265341109995  E(CI) = -26.6734704328682  S^2 = 2.0000000
CASCI state  33  E = -24.5265341109995  E(CI) = -26.6734704328682  S^2 = 2.0000000
CASCI state  34  E = -24.4745117381643  E(CI) = -26.6214480600330  S^2 = 0.0000000
CASCI state  35  E = -24.4705749892564  E(CI) = -26.6175113111251  S^2 = 2.0000000
CASCI state  36  E = -24.4705749892564  E(CI) = -26.6175113111251  S^2 = 2.0000000
CASCI state  37  E = -24.4497258115698  E(CI) = -26.5966621334385  S^2 = 0.0000000
CASCI state  38  E = -24.4497258115698  E(CI) = -26.5966621334385  S^2 = 0.0000000
CASCI state  39  E = -24.4253684960008  E(CI) = -26.5723048178695  S^2 = 6.0000000
CASCI state  40  E = -24.4011130182130  E(CI) = -26.5480493400817  S^2 = 2.0000000
CASCI state  41  E = -24.4011130182130  E(CI) = -26.5480493400817  S^2 = 2.0000000
CASCI state  42  E = -24.3827134307006  E(CI) = -26.5296497525693  S^2 = 2.0000000
CASCI state  43  E = -24.3827134307006  E(CI) = -26.5296497525693  S^2 = 2.0000000
CASCI state  44  E = -24.3576692317762  E(CI) = -26.5046055536449  S^2 = 0.0000000
CASCI state  45  E = -24.3576692317762  E(CI) = -26.5046055536449  S^2 = 0.0000000
CASCI state  46  E = -24.3400981135903  E(CI) = -26.4870344354590  S^2 = 2.0000000
CASCI state  47  E = -24.3221775429714  E(CI) = -26.4691138648401  S^2 = 2.0000000
CASCI state  48  E = -24.3221775429714  E(CI) = -26.4691138648401  S^2 = 2.0000000
CASCI state  49  E = -24.3019820675343  E(CI) = -26.4489183894029  S^2 = 0.0000000
CASCI state  50  E = -24.3019820675343  E(CI) = -26.4489183894029  S^2 = 0.0000000
CASCI state  51  E = -24.2610488504793  E(CI) = -26.4079851723480  S^2 = 2.0000000
CASCI state  52  E = -24.2564272364617  E(CI) = -26.4033635583304  S^2 = 0.0000000
CASCI state  53  E = -24.2549056100573  E(CI) = -26.4018419319260  S^2 = 2.0000000
CASCI state  54  E = -24.2503108678014  E(CI) = -26.3972471896701  S^2 = 0.0000000
CASCI state  55  E = -24.2387178719101  E(CI) = -26.3856541937788  S^2 = 0.0000000
CASCI state  56  E = -24.2387178719101  E(CI) = -26.3856541937788  S^2 = 0.0000000
CASCI state  57  E = -24.2001210671450  E(CI) = -26.3470573890137  S^2 = 0.0000000
CASCI state  58  E = -24.1798612913365  E(CI) = -26.3267976132052  S^2 = 2.0000000
CASCI state  59  E = -24.1552048856976  E(CI) = -26.3021412075663  S^2 = 2.0000000
CASCI state  60  E = -24.1410614424450  E(CI) = -26.2879977643137  S^2 = 0.0000000
CASCI state  61  E = -24.1410614424450  E(CI) = -26.2879977643137  S^2 = 0.0000000
CASCI state  62  E = -24.1228689389440  E(CI) = -26.2698052608127  S^2 = 2.0000000
CASCI state  63  E = -24.1228689389440  E(CI) = -26.2698052608127  S^2 = 2.0000000
CASCI state  64  E = -24.1002514409919  E(CI) = -26.2471877628606  S^2 = 0.0000000
CASCI state  65  E = -24.0668496620630  E(CI) = -26.2137859839317  S^2 = 6.0000000
CASCI state  66  E = -24.0409716276500  E(CI) = -26.1879079495187  S^2 = 2.0000000
CASCI state  67  E = -24.0409716276500  E(CI) = -26.1879079495187  S^2 = 2.0000000
CASCI state  68  E = -24.0069905594893  E(CI) = -26.1539268813580  S^2 = 0.0000000
CASCI state  69  E = -24.0069905594893  E(CI) = -26.1539268813580  S^2 = 0.0000000
CASCI state  70  E = -23.9882684428554  E(CI) = -26.1352047647241  S^2 = 0.0000000
CASCI state  71  E = -23.9752726559822  E(CI) = -26.1222089778509  S^2 = 0.0000000
CASCI state  72  E = -23.9752726559822  E(CI) = -26.1222089778509  S^2 = 0.0000000
CASCI state  73  E = -23.9590983222275  E(CI) = -26.1060346440962  S^2 = 2.0000000
CASCI state  74  E = -23.9590983222275  E(CI) = -26.1060346440962  S^2 = 2.0000000
CASCI state  75  E = -23.9576190698889  E(CI) = -26.1045553917576  S^2 = 2.0000000
CASCI state  76  E = -23.9576190698889  E(CI) = -26.1045553917576  S^2 = 2.0000000
CASCI state  77  E = -23.9490099981899  E(CI) = -26.0959463200586  S^2 = 2.0000000
CASCI state  78  E = -23.9060578236187  E(CI) = -26.0529941454874  S^2 = 2.0000000
CASCI state  79  E = -23.8843309277883  E(CI) = -26.0312672496570  S^2 = 0.0000000
CASCI state  80  E = -23.8811505931802  E(CI) = -26.0280869150489  S^2 = 0.0000000
CASCI state  81  E = -23.8811505931801  E(CI) = -26.0280869150488  S^2 = 0.0000000
CASCI state  82  E = -23.8473075907828  E(CI) = -25.9942439126515  S^2 = 0.0000000
CASCI state  83  E = -23.8154224494897  E(CI) = -25.9623587713584  S^2 = 2.0000000
CASCI state  84  E = -23.8087278204474  E(CI) = -25.9556641423161  S^2 = 0.0000000
CASCI state  85  E = -23.8087278204474  E(CI) = -25.9556641423161  S^2 = 0.0000000
CASCI state  86  E = -23.7652644454193  E(CI) = -25.9122007672880  S^2 = 2.0000000
CASCI state  87  E = -23.7652644454193  E(CI) = -25.9122007672880  S^2 = 2.0000000
CASCI state  88  E = -23.7604815467839  E(CI) = -25.9074178686525  S^2 = 0.0000000
CASCI state  89  E = -23.7367207832703  E(CI) = -25.8836571051390  S^2 = 0.0000000
CASCI state  90  E = -23.7367207832703  E(CI) = -25.8836571051390  S^2 = 0.0000000
CASCI state  91  E = -23.7176084052533  E(CI) = -25.8645447271220  S^2 = 0.0000000
CASCI state  92  E = -23.6890188085763  E(CI) = -25.8359551304450  S^2 = 2.0000000
CASCI state  93  E = -23.6890188085763  E(CI) = -25.8359551304449  S^2 = 2.0000000
CASCI state  94  E = -23.5822344204162  E(CI) = -25.7291707422849  S^2 = 0.0000000
CASCI state  95  E = -23.5822344204162  E(CI) = -25.7291707422849  S^2 = 0.0000000
CASCI state  96  E = -23.5439149486389  E(CI) = -25.6908512705076  S^2 = 2.0000000
CASCI state  97  E = -23.5033052927454  E(CI) = -25.6502416146141  S^2 = 0.0000000
CASCI state  98  E = -23.5033052927454  E(CI) = -25.6502416146141  S^2 = 0.0000000
CASCI state  99  E = -23.4266220896312  E(CI) = -25.5735584114999  S^2 = 0.0000000
CASCI state 100  E = -17.9050383599143  E(CI) = -20.0519746817830  S^2 = 2.0000000
CASCI state 101  E = -17.9050383599143  E(CI) = -20.0519746817830  S^2 = 2.0000000
CASCI state 102  E = -17.8891835779069  E(CI) = -20.0361198997756  S^2 = 0.0000000
CASCI state 103  E = -17.8891835779068  E(CI) = -20.0361198997755  S^2 = 0.0000000
CASCI state 104  E = -17.8587480960956  E(CI) = -20.0056844179643  S^2 = 6.0000000
CASCI state 105  E = -17.8146967158242  E(CI) = -19.9616330376929  S^2 = 2.0000000
CASCI state 106  E = -17.7649978464877  E(CI) = -19.9119341683564  S^2 = 2.0000000
CASCI state 107  E = -17.7649978464877  E(CI) = -19.9119341683563  S^2 = 2.0000000
CASCI state 108  E = -17.7423726558565  E(CI) = -19.8893089777252  S^2 = 2.0000000
CASCI state 109  E = -17.7346130826652  E(CI) = -19.8815494045339  S^2 = 0.0000000
CASCI state 110  E = -17.7346130826652  E(CI) = -19.8815494045339  S^2 = 0.0000000
CASCI state 111  E = -17.7331200601724  E(CI) = -19.8800563820411  S^2 = 2.0000000
CASCI state 112  E = -17.7294955712145  E(CI) = -19.8764318930832  S^2 = 0.0000000
CASCI state 113  E = -17.7038440550250  E(CI) = -19.8507803768937  S^2 = 0.0000000
CASCI state 114  E = -17.5875609657870  E(CI) = -19.7344972876557  S^2 = 2.0000000
CASCI state 115  E = -17.5787243532289  E(CI) = -19.7256606750976  S^2 = 0.0000000
CASCI state 116  E = -17.5533375503162  E(CI) = -19.7002738721849  S^2 = 2.0000000
CASCI state 117  E = -17.5533375503162  E(CI) = -19.7002738721848  S^2 = 2.0000000
CASCI state 118  E = -17.5497836982785  E(CI) = -19.6967200201471  S^2 = 6.0000000
CASCI state 119  E = -17.5322936174190  E(CI) = -19.6792299392877  S^2 = 0.0000000
CASCI state 120  E = -17.5322936174190  E(CI) = -19.6792299392876  S^2 = 0.0000000
CASCI state 121  E = -17.5322025148294  E(CI) = -19.6791388366981  S^2 = 6.0000000
CASCI state 122  E = -17.5322025148294  E(CI) = -19.6791388366981  S^2 = 6.0000000
CASCI state 123  E = -17.5012663379805  E(CI) = -19.6482026598492  S^2 = 2.0000000
CASCI state 124  E = -17.4984494560494  E(CI) = -19.6453857779181  S^2 = 2.0000000
CASCI state 125  E = -17.4984494560494  E(CI) = -19.6453857779181  S^2 = 2.0000000
CASCI state 126  E = -17.4715199571569  E(CI) = -19.6184562790256  S^2 = 2.0000000
CASCI state 127  E = -17.4715199571569  E(CI) = -19.6184562790256  S^2 = 2.0000000
CASCI state 128  E = -17.4490606204470  E(CI) = -19.5959969423157  S^2 = 0.0000000
CASCI state 129  E = -17.4490606204470  E(CI) = -19.5959969423157  S^2 = 0.0000000
CASCI state 130  E = -17.4462773929843  E(CI) = -19.5932137148530  S^2 = 2.0000000
CASCI state 131  E = -17.4462773929843  E(CI) = -19.5932137148530  S^2 = 2.0000000
CASCI state 132  E = -17.4126471710328  E(CI) = -19.5595834929015  S^2 = 2.0000000
CASCI state 133  E = -17.3985959481961  E(CI) = -19.5455322700648  S^2 = 6.0000000
CASCI state 134  E = -17.3985959481961  E(CI) = -19.5455322700648  S^2 = 6.0000000
CASCI state 135  E = -17.3957738228937  E(CI) = -19.5427101447623  S^2 = 0.0000000
CASCI state 136  E = -17.3957738228936  E(CI) = -19.5427101447623  S^2 = 0.0000000
CASCI state 137  E = -17.3942579674182  E(CI) = -19.5411942892869  S^2 = 2.0000000
CASCI state 138  E = -17.3942579674182  E(CI) = -19.5411942892869  S^2 = 2.0000000
CASCI state 139  E = -17.3800028721620  E(CI) = -19.5269391940307  S^2 = 0.0000000
CASCI state 140  E = -17.3800028721619  E(CI) = -19.5269391940306  S^2 = 0.0000000
CASCI state 141  E = -17.3622512788792  E(CI) = -19.5091876007479  S^2 = 2.0000000
CASCI state 142  E = -17.3614141329008  E(CI) = -19.5083504547695  S^2 = 0.0000000
CASCI state 143  E = -17.3592321110406  E(CI) = -19.5061684329093  S^2 = 0.0000000
CASCI state 144  E = -17.3350915179254  E(CI) = -19.4820278397941  S^2 = 2.0000000
CASCI state 145  E = -17.3350915179254  E(CI) = -19.4820278397940  S^2 = 2.0000000
CASCI state 146  E = -17.3112180535561  E(CI) = -19.4581543754247  S^2 = 6.0000000
CASCI state 147  E = -17.2916679132461  E(CI) = -19.4386042351148  S^2 = 12.0000000
CASCI state 148  E = -17.2782573271868  E(CI) = -19.4251936490555  S^2 = 2.0000000
CASCI state 149  E = -17.2581688526712  E(CI) = -19.4051051745399  S^2 = 2.0000000
CASCI state 150  E = -17.2478978567223  E(CI) = -19.3948341785910  S^2 = 2.0000000
CASCI state 151  E = -17.2478978567223  E(CI) = -19.3948341785910  S^2 = 2.0000000
CASCI state 152  E = -17.2401068346459  E(CI) = -19.3870431565146  S^2 = 0.0000000
CASCI state 153  E = -17.2361571600081  E(CI) = -19.3830934818768  S^2 = 6.0000000
CASCI state 154  E = -17.2361571600081  E(CI) = -19.3830934818768  S^2 = 6.0000000
CASCI state 155  E = -17.2327022398764  E(CI) = -19.3796385617451  S^2 = 2.0000000
CASCI state 156  E = -17.2327022398764  E(CI) = -19.3796385617451  S^2 = 2.0000000
CASCI state 157  E = -17.2228407378671  E(CI) = -19.3697770597358  S^2 = 0.0000000
CASCI state 158  E = -17.2228407378671  E(CI) = -19.3697770597358  S^2 = 0.0000000
CASCI state 159  E = -17.2183378513289  E(CI) = -19.3652741731975  S^2 = 6.0000000
CASCI state 160  E = -17.2055676793257  E(CI) = -19.3525040011944  S^2 = 2.0000000
CASCI state 161  E = -17.2055676793257  E(CI) = -19.3525040011943  S^2 = 2.0000000
CASCI state 162  E = -17.2055365941981  E(CI) = -19.3524729160668  S^2 = 0.0000000
CASCI state 163  E = -17.2055365941981  E(CI) = -19.3524729160668  S^2 = 0.0000000
CASCI state 164  E = -17.1987117795041  E(CI) = -19.3456481013728  S^2 = 2.0000000
CASCI state 165  E = -17.1882392252544  E(CI) = -19.3351755471231  S^2 = 0.0000000
CASCI state 166  E = -17.1860158591993  E(CI) = -19.3329521810680  S^2 = 0.0000000
CASCI state 167  E = -17.1860158591993  E(CI) = -19.3329521810680  S^2 = 0.0000000
CASCI state 168  E = -17.1843823818003  E(CI) = -19.3313187036690  S^2 = 2.0000000
CASCI state 169  E = -17.1843823818003  E(CI) = -19.3313187036690  S^2 = 2.0000000
CASCI state 170  E = -17.1554127025225  E(CI) = -19.3023490243912  S^2 = 2.0000000
CASCI state 171  E = -17.1554127025225  E(CI) = -19.3023490243912  S^2 = 2.0000000
CASCI state 172  E = -17.1475184687914  E(CI) = -19.2944547906601  S^2 = 6.0000000
CASCI state 173  E = -17.1306481523644  E(CI) = -19.2775844742331  S^2 = 6.0000000
CASCI state 174  E = -17.1306481523644  E(CI) = -19.2775844742331  S^2 = 6.0000000
CASCI state 175  E = -17.1141370018543  E(CI) = -19.2610733237230  S^2 = 0.0000000
CASCI state 176  E = -17.1141370018543  E(CI) = -19.2610733237230  S^2 = 0.0000000
CASCI state 177  E = -17.0881882604542  E(CI) = -19.2351245823229  S^2 = 6.0000000
CASCI state 178  E = -17.0858613566884  E(CI) = -19.2327976785571  S^2 = 2.0000000
CASCI state 179  E = -17.0690504657750  E(CI) = -19.2159867876437  S^2 = 2.0000000
CASCI state 180  E = -17.0690504657750  E(CI) = -19.2159867876437  S^2 = 2.0000000
CASCI state 181  E = -17.0549876661369  E(CI) = -19.2019239880056  S^2 = 2.0000000
CASCI state 182  E = -17.0549876661369  E(CI) = -19.2019239880056  S^2 = 2.0000000
CASCI state 183  E = -17.0518409967731  E(CI) = -19.1987773186418  S^2 = 2.0000000
CASCI state 184  E = -17.0480402627350  E(CI) = -19.1949765846037  S^2 = 0.0000000
CASCI state 185  E = -17.0480402627350  E(CI) = -19.1949765846037  S^2 = 0.0000000
CASCI state 186  E = -17.0320135150485  E(CI) = -19.1789498369172  S^2 = 6.0000000
CASCI state 187  E = -17.0309963076351  E(CI) = -19.1779326295038  S^2 = 2.0000000
CASCI state 188  E = -17.0207697734390  E(CI) = -19.1677060953077  S^2 = 2.0000000
CASCI state 189  E = -17.0100675289878  E(CI) = -19.1570038508565  S^2 = 2.0000000
CASCI state 190  E = -17.0061014926333  E(CI) = -19.1530378145020  S^2 = 0.0000000
CASCI state 191  E = -16.9990405687227  E(CI) = -19.1459768905914  S^2 = 0.0000000
CASCI state 192  E = -16.9891249166629  E(CI) = -19.1360612385316  S^2 = 2.0000000
CASCI state 193  E = -16.9708327039405  E(CI) = -19.1177690258092  S^2 = 2.0000000
CASCI state 194  E = -16.9708327039405  E(CI) = -19.1177690258092  S^2 = 2.0000000
CASCI state 195  E = -16.9633539929471  E(CI) = -19.1102903148158  S^2 = 0.0000000
CASCI state 196  E = -16.9631704850938  E(CI) = -19.1101068069625  S^2 = 6.0000000
CASCI state 197  E = -16.9449941273242  E(CI) = -19.0919304491929  S^2 = 2.0000000
CASCI state 198  E = -16.9421766178332  E(CI) = -19.0891129397019  S^2 = 0.0000000
CASCI state 199  E = -16.9421766178332  E(CI) = -19.0891129397019  S^2 = 0.0000000
CASCI state 200  E = -16.9289984249594  E(CI) = -19.0759347468281  S^2 = 2.0000000
CASCI state 201  E = -16.9182905867324  E(CI) = -19.0652269086011  S^2 = 0.0000000
CASCI state 202  E = -16.9173516101374  E(CI) = -19.0642879320061  S^2 = 2.0000000
CASCI state 203  E = -16.9149271385389  E(CI) = -19.0618634604076  S^2 = 2.0000000
CASCI state 204  E = -16.9149271385389  E(CI) = -19.0618634604076  S^2 = 2.0000000
CASCI state 205  E = -16.8910918890508  E(CI) = -19.0380282109194  S^2 = 0.0000000
CASCI state 206  E = -16.8859743594625  E(CI) = -19.0329106813312  S^2 = 0.0000000
CASCI state 207  E = -16.8859743594625  E(CI) = -19.0329106813312  S^2 = 0.0000000
CASCI state 208  E = -16.8778061329494  E(CI) = -19.0247424548181  S^2 = 6.0000000
CASCI state 209  E = -16.8778061329494  E(CI) = -19.0247424548181  S^2 = 6.0000000
CASCI state 210  E = -16.8670866803562  E(CI) = -19.0140230022249  S^2 = 2.0000000
CASCI state 211  E = -16.8546182128346  E(CI) = -19.0015545347033  S^2 = 0.0000000
CASCI state 212  E = -16.8512061649706  E(CI) = -18.9981424868393  S^2 = 2.0000000
CASCI state 213  E = -16.8416688360075  E(CI) = -18.9886051578762  S^2 = 2.0000000
CASCI state 214  E = -16.8416688360075  E(CI) = -18.9886051578762  S^2 = 2.0000000
CASCI state 215  E = -16.8351565250960  E(CI) = -18.9820928469647  S^2 = 0.0000000
CASCI state 216  E = -16.8249071286833  E(CI) = -18.9718434505520  S^2 = 2.0000000
CASCI state 217  E = -16.8249071286833  E(CI) = -18.9718434505520  S^2 = 2.0000000
CASCI state 218  E = -16.8138210937446  E(CI) = -18.9607574156133  S^2 = 0.0000000
CASCI state 219  E = -16.8138210937446  E(CI) = -18.9607574156133  S^2 = 0.0000000
CASCI state 220  E = -16.8079163983940  E(CI) = -18.9548527202627  S^2 = 2.0000000
CASCI state 221  E = -16.8079163983940  E(CI) = -18.9548527202627  S^2 = 2.0000000
CASCI state 222  E = -16.7910369945222  E(CI) = -18.9379733163909  S^2 = 0.0000000
CASCI state 223  E = -16.7910369945222  E(CI) = -18.9379733163909  S^2 = 0.0000000
CASCI state 224  E = -16.7697741109267  E(CI) = -18.9167104327954  S^2 = 2.0000000
CASCI state 225  E = -16.7697741109267  E(CI) = -18.9167104327954  S^2 = 2.0000000
CASCI state 226  E = -16.7387274354175  E(CI) = -18.8856637572862  S^2 = 2.0000000
CASCI state 227  E = -16.7370169317699  E(CI) = -18.8839532536386  S^2 = 0.0000000
CASCI state 228  E = -16.7370169317699  E(CI) = -18.8839532536386  S^2 = 0.0000000
CASCI state 229  E = -16.7336282262468  E(CI) = -18.8805645481155  S^2 = 6.0000000
CASCI state 230  E = -16.7336282262468  E(CI) = -18.8805645481155  S^2 = 6.0000000
CASCI state 231  E = -16.6879426672598  E(CI) = -18.8348789891285  S^2 = 2.0000000
CASCI state 232  E = -16.6879426672598  E(CI) = -18.8348789891285  S^2 = 2.0000000
CASCI state 233  E = -16.6855245631926  E(CI) = -18.8324608850613  S^2 = 0.0000000
CASCI state 234  E = -16.6855245631926  E(CI) = -18.8324608850613  S^2 = 0.0000000
CASCI state 235  E = -16.6761340099372  E(CI) = -18.8230703318059  S^2 = 0.0000000
CASCI state 236  E = -16.6681290659095  E(CI) = -18.8150653877782  S^2 = 2.0000000
CASCI state 237  E = -16.6681290659095  E(CI) = -18.8150653877782  S^2 = 2.0000000
CASCI state 238  E = -16.6361328911926  E(CI) = -18.7830692130613  S^2 = 2.0000000
CASCI state 239  E = -16.6197615768809  E(CI) = -18.7666978987496  S^2 = 6.0000000
CASCI state 240  E = -16.5989233930883  E(CI) = -18.7458597149570  S^2 = 0.0000000
CASCI state 241  E = -16.5919251483669  E(CI) = -18.7388614702356  S^2 = 2.0000000
CASCI state 242  E = -16.5824371286265  E(CI) = -18.7293734504952  S^2 = 2.0000000
CASCI state 243  E = -16.5824371286265  E(CI) = -18.7293734504952  S^2 = 2.0000000
CASCI state 244  E = -16.5570550785199  E(CI) = -18.7039914003886  S^2 = 2.0000000
CASCI state 245  E = -16.5570550785199  E(CI) = -18.7039914003886  S^2 = 2.0000000
CASCI state 246  E = -16.5427925517782  E(CI) = -18.6897288736469  S^2 = 2.0000000
CASCI state 247  E = -16.5379377130099  E(CI) = -18.6848740348786  S^2 = 0.0000000
CASCI state 248  E = -16.5379377130099  E(CI) = -18.6848740348786  S^2 = 0.0000000
CASCI state 249  E = -16.5355280688820  E(CI) = -18.6824643907507  S^2 = 0.0000000
CASCI state 250  E = -16.5225666148523  E(CI) = -18.6695029367210  S^2 = 0.0000000
CASCI state 251  E = -16.5225666148523  E(CI) = -18.6695029367210  S^2 = 0.0000000
CASCI state 252  E = -16.5205551218337  E(CI) = -18.6674914437024  S^2 = 2.0000000
CASCI state 253  E = -16.5073497965903  E(CI) = -18.6542861184590  S^2 = 6.0000000
CASCI state 254  E = -16.5073497965903  E(CI) = -18.6542861184590  S^2 = 6.0000000
CASCI state 255  E = -16.5014467213296  E(CI) = -18.6483830431983  S^2 = 0.0000000
CASCI state 256  E = -16.5006044278997  E(CI) = -18.6475407497684  S^2 = 6.0000000
CASCI state 257  E = -16.4689362085762  E(CI) = -18.6158725304449  S^2 = 2.0000000
CASCI state 258  E = -16.4689362085762  E(CI) = -18.6158725304449  S^2 = 2.0000000
CASCI state 259  E = -16.4646877566858  E(CI) = -18.6116240785545  S^2 = 2.0000000
CASCI state 260  E = -16.4646877566858  E(CI) = -18.6116240785545  S^2 = 2.0000000
CASCI state 261  E = -16.4597829990553  E(CI) = -18.6067193209240  S^2 = 0.0000000
CASCI state 262  E = -16.4597829990553  E(CI) = -18.6067193209240  S^2 = 0.0000000
CASCI state 263  E = -16.4483572925683  E(CI) = -18.5952936144370  S^2 = 2.0000000
CASCI state 264  E = -16.4151578375604  E(CI) = -18.5620941594290  S^2 = 2.0000000
CASCI state 265  E = -16.4151578375603  E(CI) = -18.5620941594290  S^2 = 2.0000000
CASCI state 266  E = -16.3879229067160  E(CI) = -18.5348592285847  S^2 = 2.0000000
CASCI state 267  E = -16.3879229067160  E(CI) = -18.5348592285847  S^2 = 2.0000000
CASCI state 268  E = -16.3831968113326  E(CI) = -18.5301331332013  S^2 = 0.0000000
CASCI state 269  E = -16.3831968113325  E(CI) = -18.5301331332012  S^2 = 0.0000000
CASCI state 270  E = -16.3393235154025  E(CI) = -18.4862598372712  S^2 = 2.0000000
CASCI state 271  E = -16.3330125230577  E(CI) = -18.4799488449264  S^2 = 0.0000000
CASCI state 272  E = -16.3330125230577  E(CI) = -18.4799488449264  S^2 = 0.0000000
CASCI state 273  E = -16.3068824330204  E(CI) = -18.4538187548891  S^2 = 2.0000000
CASCI state 274  E = -16.3068824330204  E(CI) = -18.4538187548891  S^2 = 2.0000000
CASCI state 275  E = -16.3002229317582  E(CI) = -18.4471592536269  S^2 = 0.0000000
CASCI state 276  E = -16.3002229317582  E(CI) = -18.4471592536269  S^2 = 0.0000000
CASCI state 277  E = -16.2947967171440  E(CI) = -18.4417330390127  S^2 = 0.0000000
CASCI state 278  E = -16.2943672264534  E(CI) = -18.4413035483221  S^2 = 2.0000000
CASCI state 279  E = -16.2836694870849  E(CI) = -18.4306058089536  S^2 = 0.0000000
CASCI state 280  E = -16.2046971713941  E(CI) = -18.3516334932628  S^2 = 2.0000000
CASCI state 281  E = -16.2046971713941  E(CI) = -18.3516334932627  S^2 = 2.0000000
CASCI state 282  E = -16.1941996352194  E(CI) = -18.3411359570881  S^2 = 0.0000000
CASCI state 283  E = -16.1941996352194  E(CI) = -18.3411359570881  S^2 = 0.0000000
CASCI state 284  E = -16.1759463848159  E(CI) = -18.3228827066846  S^2 = 2.0000000
CASCI state 285  E = -16.1644820315748  E(CI) = -18.3114183534435  S^2 = 0.0000000
CASCI state 286  E = -16.1624801358017  E(CI) = -18.3094164576704  S^2 = 6.0000000
CASCI state 287  E = -16.1272039445287  E(CI) = -18.2741402663974  S^2 = 2.0000000
CASCI state 288  E = -16.0808619550357  E(CI) = -18.2277982769044  S^2 = 2.0000000
CASCI state 289  E = -16.0808619550357  E(CI) = -18.2277982769044  S^2 = 2.0000000
CASCI state 290  E = -16.0490972693251  E(CI) = -18.1960335911938  S^2 = 0.0000000
CASCI state 291  E = -16.0490972693251  E(CI) = -18.1960335911938  S^2 = 0.0000000
CASCI state 292  E = -16.0278565114170  E(CI) = -18.1747928332857  S^2 = 2.0000000
CASCI state 293  E = -16.0265301103939  E(CI) = -18.1734664322626  S^2 = 2.0000000
CASCI state 294  E = -16.0250156699943  E(CI) = -18.1719519918629  S^2 = 0.0000000
CASCI state 295  E = -15.9957555528931  E(CI) = -18.1426918747618  S^2 = 0.0000000
CASCI state 296  E = -15.8541384558991  E(CI) = -18.0010747777678  S^2 = 2.0000000
CASCI state 297  E = -15.8541384558991  E(CI) = -18.0010747777678  S^2 = 2.0000000
CASCI state 298  E = -15.8413347581824  E(CI) = -17.9882710800511  S^2 = 0.0000000
CASCI state 299  E = -15.8413347581824  E(CI) = -17.9882710800511  S^2 = 0.0000000
CASCI state 300  E = -8.47305818950023  E(CI) = -10.6199945113689  S^2 = 2.0000000
CASCI state 301  E = -8.42913871838995  E(CI) = -10.5760750402586  S^2 = 0.0000000
CASCI state 302  E = -8.42913871838994  E(CI) = -10.5760750402586  S^2 = 0.0000000
CASCI state 303  E = -8.40247172457477  E(CI) = -10.5494080464435  S^2 = 0.0000000
CASCI state 304  E = -8.27645904381036  E(CI) = -10.4233953656791  S^2 = 2.0000000
CASCI state 305  E = -8.27645904381035  E(CI) = -10.4233953656790  S^2 = 2.0000000
CASCI state 306  E = -8.21511192018670  E(CI) = -10.3620482420554  S^2 = 0.0000000
CASCI state 307  E = -8.21511192018668  E(CI) = -10.3620482420554  S^2 = 0.0000000
CASCI state 308  E = -8.07800356341994  E(CI) = -10.2249398852886  S^2 = 2.0000000
CASCI state 309  E = -8.07800356341993  E(CI) = -10.2249398852886  S^2 = 2.0000000
CASCI state 310  E = -8.05981352865581  E(CI) = -10.2067498505245  S^2 = 0.0000000
CASCI state 311  E = -8.05981352865580  E(CI) = -10.2067498505245  S^2 = 0.0000000
CASCI state 312  E = -7.99115489202330  E(CI) = -10.1380912138920  S^2 = 6.0000000
CASCI state 313  E = -7.96530823936912  E(CI) = -10.1122445612378  S^2 = 0.0000000
CASCI state 314  E = -7.93099502437955  E(CI) = -10.0779313462482  S^2 = 2.0000000
CASCI state 315  E = -7.91456144055568  E(CI) = -10.0614977624244  S^2 = 2.0000000
CASCI state 316  E = -7.91456144055567  E(CI) = -10.0614977624244  S^2 = 2.0000000
CASCI state 317  E = -7.91097287076775  E(CI) = -10.0579091926364  S^2 = 2.0000000
CASCI state 318  E = -7.91097287076774  E(CI) = -10.0579091926364  S^2 = 2.0000000
CASCI state 319  E = -7.88660989777627  E(CI) = -10.0335462196450  S^2 = 0.0000000
CASCI state 320  E = -7.88433959406101  E(CI) = -10.0312759159297  S^2 = 2.0000000
CASCI state 321  E = -7.84124505496581  E(CI) = -9.98818137683450  S^2 = 2.0000000
CASCI state 322  E = -7.80025084424986  E(CI) = -9.94718716611855  S^2 = 0.0000000
CASCI state 323  E = -7.80025084424985  E(CI) = -9.94718716611855  S^2 = 0.0000000
CASCI state 324  E = -7.78294840314725  E(CI) = -9.92988472501594  S^2 = 0.0000000
CASCI state 325  E = -7.78294840314724  E(CI) = -9.92988472501593  S^2 = 0.0000000
CASCI state 326  E = -7.76885388067718  E(CI) = -9.91579020254588  S^2 = 0.0000000
CASCI state 327  E = -7.69981776680206  E(CI) = -9.84675408867075  S^2 = 2.0000000
CASCI state 328  E = -7.66372851510093  E(CI) = -9.81066483696963  S^2 = 6.0000000
CASCI state 329  E = -7.62507560982940  E(CI) = -9.77201193169810  S^2 = 2.0000000
CASCI state 330  E = -7.62507560982940  E(CI) = -9.77201193169809  S^2 = 2.0000000
CASCI state 331  E = -7.60508598333401  E(CI) = -9.75202230520271  S^2 = 0.0000000
CASCI state 332  E = -7.60508598333400  E(CI) = -9.75202230520269  S^2 = 0.0000000
CASCI state 333  E = -7.59320658608517  E(CI) = -9.74014290795387  S^2 = 2.0000000
CASCI state 334  E = -7.57332302523550  E(CI) = -9.72025934710419  S^2 = 0.0000000
CASCI state 335  E = -7.53884289372692  E(CI) = -9.68577921559562  S^2 = 2.0000000
CASCI state 336  E = -7.53884289372692  E(CI) = -9.68577921559561  S^2 = 2.0000000
CASCI state 337  E = -7.52639744753015  E(CI) = -9.67333376939885  S^2 = 0.0000000
CASCI state 338  E = -7.50149608649587  E(CI) = -9.64843240836457  S^2 = 2.0000000
CASCI state 339  E = -7.49222540429894  E(CI) = -9.63916172616764  S^2 = 6.0000000
CASCI state 340  E = -7.49222540429893  E(CI) = -9.63916172616763  S^2 = 6.0000000
CASCI state 341  E = -7.48710279609272  E(CI) = -9.63403911796142  S^2 = 0.0000000
CASCI state 342  E = -7.48710279609272  E(CI) = -9.63403911796141  S^2 = 0.0000000
CASCI state 343  E = -7.43841688841486  E(CI) = -9.58535321028355  S^2 = 0.0000000
CASCI state 344  E = -7.42322257535214  E(CI) = -9.57015889722084  S^2 = 2.0000000
CASCI state 345  E = -7.40901072636714  E(CI) = -9.55594704823584  S^2 = 0.0000000
CASCI state 346  E = -7.39199705404636  E(CI) = -9.53893337591505  S^2 = 2.0000000
CASCI state 347  E = -7.39199705404635  E(CI) = -9.53893337591505  S^2 = 2.0000000
CASCI state 348  E = -7.36095920593813  E(CI) = -9.50789552780682  S^2 = 2.0000000
CASCI state 349  E = -7.36095920593812  E(CI) = -9.50789552780682  S^2 = 2.0000000
CASCI state 350  E = -7.32743274460366  E(CI) = -9.47436906647235  S^2 = 0.0000000
CASCI state 351  E = -7.32743274460365  E(CI) = -9.47436906647235  S^2 = 0.0000000
CASCI state 352  E = -7.29185779531933  E(CI) = -9.43879411718803  S^2 = 2.0000000
CASCI state 353  E = -7.29185779531933  E(CI) = -9.43879411718802  S^2 = 2.0000000
CASCI state 354  E = -7.26658578487921  E(CI) = -9.41352210674790  S^2 = 0.0000000
CASCI state 355  E = -7.26658578487920  E(CI) = -9.41352210674789  S^2 = 0.0000000
CASCI state 356  E = -7.23291221376835  E(CI) = -9.37984853563705  S^2 = 2.0000000
CASCI state 357  E = -7.23291221376835  E(CI) = -9.37984853563704  S^2 = 2.0000000
CASCI state 358  E = -7.15494141929128  E(CI) = -9.30187774115998  S^2 = 0.0000000
CASCI state 359  E = -7.15494141929127  E(CI) = -9.30187774115997  S^2 = 0.0000000
CASCI state 360  E = -7.14759778715198  E(CI) = -9.29453410902067  S^2 = 0.0000000
CASCI state 361  E = -7.12385886547418  E(CI) = -9.27079518734287  S^2 = 2.0000000
CASCI state 362  E = -7.07750776067395  E(CI) = -9.22444408254265  S^2 = 0.0000000
CASCI state 363  E = -7.07750776067395  E(CI) = -9.22444408254264  S^2 = 0.0000000
CASCI state 364  E = -7.06742747644778  E(CI) = -9.21436379831647  S^2 = 2.0000000
CASCI state 365  E = -7.05966353018905  E(CI) = -9.20659985205775  S^2 = 2.0000000
CASCI state 366  E = -7.05966353018905  E(CI) = -9.20659985205774  S^2 = 2.0000000
CASCI state 367  E = -7.05224504727384  E(CI) = -9.19918136914253  S^2 = 0.0000000
CASCI state 368  E = -7.02230829568071  E(CI) = -9.16924461754940  S^2 = 6.0000000
CASCI state 369  E = -6.97018326257250  E(CI) = -9.11711958444120  S^2 = 0.0000000
CASCI state 370  E = -6.90143979537909  E(CI) = -9.04837611724778  S^2 = 0.0000000
CASCI state 371  E = -6.90143979537909  E(CI) = -9.04837611724778  S^2 = 0.0000000
CASCI state 372  E = -6.87641244785628  E(CI) = -9.02334876972497  S^2 = 2.0000000
CASCI state 373  E = -6.87641244785628  E(CI) = -9.02334876972497  S^2 = 2.0000000
CASCI state 374  E = -6.85583325037038  E(CI) = -9.00276957223907  S^2 = 2.0000000
CASCI state 375  E = -6.85492305665748  E(CI) = -9.00185937852617  S^2 = 2.0000000
CASCI state 376  E = -6.85492305665747  E(CI) = -9.00185937852616  S^2 = 2.0000000
CASCI state 377  E = -6.83624598887659  E(CI) = -8.98318231074528  S^2 = 2.0000000
CASCI state 378  E = -6.81858723626637  E(CI) = -8.96552355813507  S^2 = 0.0000000
CASCI state 379  E = -6.81858723626637  E(CI) = -8.96552355813506  S^2 = 0.0000000
CASCI state 380  E = -6.71058129874140  E(CI) = -8.85751762061010  S^2 = 0.0000000
CASCI state 381  E = -6.69418301612349  E(CI) = -8.84111933799218  S^2 = 2.0000000
CASCI state 382  E = -6.69354958719378  E(CI) = -8.84048590906247  S^2 = 0.0000000
CASCI state 383  E = -6.69354958719377  E(CI) = -8.84048590906246  S^2 = 0.0000000
CASCI state 384  E = -6.67855649885762  E(CI) = -8.82549282072631  S^2 = 2.0000000
CASCI state 385  E = -6.65587182856954  E(CI) = -8.80280815043823  S^2 = 0.0000000
CASCI state 386  E = -6.59635227220765  E(CI) = -8.74328859407635  S^2 = 2.0000000
CASCI state 387  E = -6.59635227220764  E(CI) = -8.74328859407633  S^2 = 2.0000000
CASCI state 388  E = -6.52830369482820  E(CI) = -8.67524001669689  S^2 = 0.0000000
CASCI state 389  E = -6.45130643782719  E(CI) = -8.59824275969588  S^2 = 0.0000000
CASCI state 390  E = -6.45130643782718  E(CI) = -8.59824275969588  S^2 = 0.0000000
CASCI state 391  E = -6.42080312282088  E(CI) = -8.56773944468957  S^2 = 2.0000000
CASCI state 392  E = -6.38438974057396  E(CI) = -8.53132606244265  S^2 = 0.0000000
CASCI state 393  E = -6.38438974057396  E(CI) = -8.53132606244265  S^2 = 0.0000000
CASCI state 394  E = -6.33845097909120  E(CI) = -8.48538730095989  S^2 = 0.0000000
CASCI state 395  E = -6.22361082013337  E(CI) = -8.37054714200207  S^2 = 2.0000000
CASCI state 396  E = -6.22361082013337  E(CI) = -8.37054714200206  S^2 = 2.0000000
CASCI state 397  E = -6.15990300606770  E(CI) = -8.30683932793639  S^2 = 0.0000000
CASCI state 398  E = -6.15990300606769  E(CI) = -8.30683932793639  S^2 = 0.0000000
CASCI state 399  E = -5.90381116245379  E(CI) = -8.05074748432249  S^2 = 0.0000000
Total energies: [-25.13846777 -25.09071054 -25.09071054 -25.01440817 -25.01440817
 -24.9464553  -24.88281719 -24.88281719 -24.84041006 -24.83856821
 -24.8297106  -24.80801027 -24.80801027 -24.73093199 -24.71764139
 -24.71764139 -24.70103632 -24.70103632 -24.65279985 -24.65260234
 -24.64628752 -24.64628752 -24.64210893 -24.60890104 -24.60890104
 -24.60629841 -24.60629841 -24.60585221 -24.60585221 -24.56144797
 -24.5598147  -24.54898974 -24.52653411 -24.52653411 -24.47451174
 -24.47057499 -24.47057499 -24.44972581 -24.44972581 -24.4253685
 -24.40111302 -24.40111302 -24.38271343 -24.38271343 -24.35766923
 -24.35766923 -24.34009811 -24.32217754 -24.32217754 -24.30198207
 -24.30198207 -24.26104885 -24.25642724 -24.25490561 -24.25031087
 -24.23871787 -24.23871787 -24.20012107 -24.17986129 -24.15520489
 -24.14106144 -24.14106144 -24.12286894 -24.12286894 -24.10025144
 -24.06684966 -24.04097163 -24.04097163 -24.00699056 -24.00699056
 -23.98826844 -23.97527266 -23.97527266 -23.95909832 -23.95909832
 -23.95761907 -23.95761907 -23.94901    -23.90605782 -23.88433093
 -23.88115059 -23.88115059 -23.84730759 -23.81542245 -23.80872782
 -23.80872782 -23.76526445 -23.76526445 -23.76048155 -23.73672078
 -23.73672078 -23.71760841 -23.68901881 -23.68901881 -23.58223442
 -23.58223442 -23.54391495 -23.50330529 -23.50330529 -23.42662209
 -17.90503836 -17.90503836 -17.88918358 -17.88918358 -17.8587481
 -17.81469672 -17.76499785 -17.76499785 -17.74237266 -17.73461308
 -17.73461308 -17.73312006 -17.72949557 -17.70384406 -17.58756097
 -17.57872435 -17.55333755 -17.55333755 -17.5497837  -17.53229362
 -17.53229362 -17.53220251 -17.53220251 -17.50126634 -17.49844946
 -17.49844946 -17.47151996 -17.47151996 -17.44906062 -17.44906062
 -17.44627739 -17.44627739 -17.41264717 -17.39859595 -17.39859595
 -17.39577382 -17.39577382 -17.39425797 -17.39425797 -17.38000287
 -17.38000287 -17.36225128 -17.36141413 -17.35923211 -17.33509152
 -17.33509152 -17.31121805 -17.29166791 -17.27825733 -17.25816885
 -17.24789786 -17.24789786 -17.24010683 -17.23615716 -17.23615716
 -17.23270224 -17.23270224 -17.22284074 -17.22284074 -17.21833785
 -17.20556768 -17.20556768 -17.20553659 -17.20553659 -17.19871178
 -17.18823923 -17.18601586 -17.18601586 -17.18438238 -17.18438238
 -17.1554127  -17.1554127  -17.14751847 -17.13064815 -17.13064815
 -17.114137   -17.114137   -17.08818826 -17.08586136 -17.06905047
 -17.06905047 -17.05498767 -17.05498767 -17.051841   -17.04804026
 -17.04804026 -17.03201352 -17.03099631 -17.02076977 -17.01006753
 -17.00610149 -16.99904057 -16.98912492 -16.9708327  -16.9708327
 -16.96335399 -16.96317049 -16.94499413 -16.94217662 -16.94217662
 -16.92899842 -16.91829059 -16.91735161 -16.91492714 -16.91492714
 -16.89109189 -16.88597436 -16.88597436 -16.87780613 -16.87780613
 -16.86708668 -16.85461821 -16.85120616 -16.84166884 -16.84166884
 -16.83515653 -16.82490713 -16.82490713 -16.81382109 -16.81382109
 -16.8079164  -16.8079164  -16.79103699 -16.79103699 -16.76977411
 -16.76977411 -16.73872744 -16.73701693 -16.73701693 -16.73362823
 -16.73362823 -16.68794267 -16.68794267 -16.68552456 -16.68552456
 -16.67613401 -16.66812907 -16.66812907 -16.63613289 -16.61976158
 -16.59892339 -16.59192515 -16.58243713 -16.58243713 -16.55705508
 -16.55705508 -16.54279255 -16.53793771 -16.53793771 -16.53552807
 -16.52256661 -16.52256661 -16.52055512 -16.5073498  -16.5073498
 -16.50144672 -16.50060443 -16.46893621 -16.46893621 -16.46468776
 -16.46468776 -16.459783   -16.459783   -16.44835729 -16.41515784
 -16.41515784 -16.38792291 -16.38792291 -16.38319681 -16.38319681
 -16.33932352 -16.33301252 -16.33301252 -16.30688243 -16.30688243
 -16.30022293 -16.30022293 -16.29479672 -16.29436723 -16.28366949
 -16.20469717 -16.20469717 -16.19419964 -16.19419964 -16.17594638
 -16.16448203 -16.16248014 -16.12720394 -16.08086196 -16.08086196
 -16.04909727 -16.04909727 -16.02785651 -16.02653011 -16.02501567
 -15.99575555 -15.85413846 -15.85413846 -15.84133476 -15.84133476
  -8.47305819  -8.42913872  -8.42913872  -8.40247172  -8.27645904
  -8.27645904  -8.21511192  -8.21511192  -8.07800356  -8.07800356
  -8.05981353  -8.05981353  -7.99115489  -7.96530824  -7.93099502
  -7.91456144  -7.91456144  -7.91097287  -7.91097287  -7.8866099
  -7.88433959  -7.84124505  -7.80025084  -7.80025084  -7.7829484
  -7.7829484   -7.76885388  -7.69981777  -7.66372852  -7.62507561
  -7.62507561  -7.60508598  -7.60508598  -7.59320659  -7.57332303
  -7.53884289  -7.53884289  -7.52639745  -7.50149609  -7.4922254
  -7.4922254   -7.4871028   -7.4871028   -7.43841689  -7.42322258
  -7.40901073  -7.39199705  -7.39199705  -7.36095921  -7.36095921
  -7.32743274  -7.32743274  -7.2918578   -7.2918578   -7.26658578
  -7.26658578  -7.23291221  -7.23291221  -7.15494142  -7.15494142
  -7.14759779  -7.12385887  -7.07750776  -7.07750776  -7.06742748
  -7.05966353  -7.05966353  -7.05224505  -7.0223083   -6.97018326
  -6.9014398   -6.9014398   -6.87641245  -6.87641245  -6.85583325
  -6.85492306  -6.85492306  -6.83624599  -6.81858724  -6.81858724
  -6.7105813   -6.69418302  -6.69354959  -6.69354959  -6.6785565
  -6.65587183  -6.59635227  -6.59635227  -6.52830369  -6.45130644
  -6.45130644  -6.42080312  -6.38438974  -6.38438974  -6.33845098
  -6.22361082  -6.22361082  -6.15990301  -6.15990301  -5.90381116]
State 0
dE =  347.73677545777196
0.9723268807206625 000111 000111
-0.12344282569218659 001011 001011
-0.12344282569218905 010011 010011
State 1
dE =  349.0363157517014
-0.2596999799728811 000111 001011
-0.6498860700105428 000111 010011
0.2596999799728624 001011 000111
0.6498860700105091 010011 000111
State 2
dE =  349.0363157517018
-0.6498860700105241 000111 001011
0.2596999799728759 000111 010011
0.6498860700105306 001011 000111
-0.259699979972869 010011 000111
State 3
dE =  351.1126090840685
0.5630749181304497 000111 001011
-0.3982801419103657 000111 010011
0.5630749181304423 001011 000111
-0.3982801419103678 010011 000111
State 4
dE =  351.1126090840686
0.39828014191036554 000111 001011
0.5630749181304261 000111 010011
0.398280141910368 001011 000111
0.5630749181304663 010011 000111
State 5
dE =  352.9617007983049
-0.16708088389455575 000111 011001
0.6736389021170405 001011 010011
-0.6736389021172015 010011 001011
0.16708088389453934 011001 000111
State 6
dE =  354.69338222649856
-0.6961232487079432 001011 001011
0.6961232487079894 010011 010011
State 7
dE =  354.693382226499
0.6961232487080418 001011 010011
0.6961232487078907 010011 001011
State 8
dE =  355.8473388236919
0.14410177616196104 000111 000111
0.6803027714107195 001011 001011
0.6803027714106737 010011 010011
State 9
dE =  355.8974581222771
-0.4066484673813063 000111 011001
0.4066484673813188 001011 010101
-0.4066484673813319 001101 010011
-0.40664846738133237 010011 001101
0.40664846738132754 010101 001011
-0.4066484673813464 011001 000111
State 10
dE =  356.1384861411441
-0.6731597702186123 000111 100011
-0.10194226324507033 001011 001101
0.10194226324508418 001101 001011
-0.1019422632450532 010011 010101
0.10194226324502606 010101 010011
0.6731597702186057 100011 000111
State 11
dE =  356.7289821996072
0.384122932316084 000111 001101
-0.5069180893047351 000111 010101
0.10825273718925321 001011 011001
0.12780199069655523 001011 100011
-0.38412293231601724 001101 000111
-0.16865731119624874 010011 100011
0.5069180893047495 010101 000111
-0.10795490708461727 010101 100011
-0.10825273718926129 011001 001011
-0.1278019906965852 100011 001011
0.1686573111962382 100011 010011
0.10795490708461518 100011 010101
State 12
dE =  356.72898219960734
-0.5069180893047781 000111 001101
-0.38412293231604117 000111 010101
-0.1686573111962564 001011 100011
0.5069180893046977 001101 000111
-0.10795490708460935 001101 100011
-0.1082527371892684 010011 011001
-0.12780199069656498 010011 100011
0.38412293231606687 010101 000111
0.10825273718925775 011001 010011
0.16865731119625188 100011 001011
0.10795490708461923 100011 001101
0.12780199069655573 100011 010011
State 13
dE =  358.82638898216146
0.6749715714180167 000111 100011
0.6749715714180226 100011 000111
0.2017583315119957 100011 100011
State 14
dE =  359.18804450294954
0.2995047939311835 000111 001101
-0.4569900764037042 000111 010101
0.11264706952030541 001011 011001
-0.2063176035527086 001011 100011
0.299504793931189 001101 000111
0.31480329971811366 010011 100011
-0.456990076403702 010101 000111
0.1175808834777905 010101 100011
0.11264706952030593 011001 001011
-0.20631760355256865 100011 001011
0.3148032997181431 100011 010011
0.11758088347779773 100011 010101
State 15
dE =  359.18804450294977
0.45699007640366784 000111 001101
0.2995047939312134 000111 010101
-0.31480329971818216 001011 100011
0.45699007640370864 001101 000111
-0.11758088347782907 001101 100011
0.11264706952030551 010011 011001
-0.2063176035526 010011 100011
0.29950479393119095 010101 000111
0.11264706952033289 011001 010011
-0.31480329971809756 100011 001011
-0.11758088347779769 100011 001101
-0.206317603552637 100011 010011
State 16
dE =  359.6398914796429
-0.4979056723217175 001011 010101
0.4979056723217869 001101 010011
-0.49790567232177635 010011 001101
0.4979056723217089 010101 001011
State 17
dE =  359.6398914796432
0.49790567232177363 001011 001101
-0.49790567232183747 001101 001011
-0.4979056723216522 010011 010101
0.4979056723217237 010101 010011
State 18
dE =  360.95247271152675
0.4765697303884005 001011 010101
0.47656973038832673 001101 010011
-0.1628351152632703 001101 010101
-0.47656973038830247 010011 001101
-0.47656973038836925 010101 001011
0.16283511526326203 010101 001101
State 19
dE =  360.9578471835639
0.1451262594139827 000111 100011
-0.4871923336769061 001011 001101
0.48719233367709097 001101 001011
-0.4871923336772007 010011 010101
0.4871923336770409 010101 010011
-0.14512625941396995 100011 000111
State 20
dE =  361.1296823121697
-0.2474136315579315 000111 001101
0.6146791583138566 001011 100011
0.2474136315581312 001101 000111
0.18051232071891704 001101 100011
-0.6146791583137845 100011 001011
-0.18051232071893628 100011 001101
State 21
dE =  361.12968231217025
0.24741363155801438 000111 010101
-0.6146791583138516 010011 100011
-0.2474136315580448 010101 000111
-0.18051232071895706 010101 100011
0.6146791583137604 100011 010011
0.18051232071895337 100011 010101
State 22
dE =  361.2433875528583
-0.6738224234728172 000111 011001
-0.18405037508646271 001011 010011
0.1840503750864479 010011 001011
0.6738224234728303 011001 000111
State 23
dE =  362.1470201841504
-0.26325177274929756 001011 001101
0.39771471545286435 001011 010101
-0.26325177274915557 001101 001011
0.39771471545288084 001101 010011
-0.1438858494146657 001101 010101
0.3977147154528833 010011 001101
0.2632517727491976 010011 010101
0.397714715452878 010101 001011
-0.14388584941466837 010101 001101
0.2632517727492445 010101 010011
State 24
dE =  362.1470201841507
0.39771471545297776 001011 001101
0.2632517727492075 001011 010101
0.3977147154527762 001101 001011
-0.14388584941467888 001101 001101
0.263251772749204 001101 010011
0.2632517727492505 010011 001101
-0.3977147154528167 010011 010101
0.26325177274923467 010101 001011
-0.39771471545292303 010101 010011
0.14388584941467397 010101 010101
State 25
dE =  362.21784141608964
0.40333845497163306 000111 001101
0.532839343424279 001011 100011
0.40333845497160425 001101 000111
0.10636202788741615 001101 100011
0.5328393434244434 100011 001011
0.10636202788748278 100011 001101
State 26
dE =  362.2178414160899
0.4033384549716131 000111 010101
0.5328393434243304 010011 100011
0.4033384549715807 010101 000111
0.10636202788714226 010101 100011
0.532839343424421 100011 010011
0.10636202788713137 100011 010101
State 27
dE =  362.2299830403719
0.4082437203441207 000111 101001
-0.4082437203439778 001011 100101
0.4082437203434342 001101 100011
0.4082437203433996 100011 001101
-0.4082437203439778 100101 001011
0.40824372034407413 101001 000111
State 28
dE =  362.2299830403721
-0.4082437203440382 000111 110001
0.40824372034396483 010011 100101
-0.4082437203435192 010101 100011
-0.40824372034350503 100011 010101
0.40824372034393386 100101 010011
-0.4082437203440233 110001 000111
State 29
dE =  363.4382841099
-0.14902215719950454 000111 000111
0.1299044448748617 000111 100011
0.21223099499867337 000111 100101
-0.11669284771379371 001011 001011
0.4295455654019904 001011 001101
0.4295455654019785 001101 001011
-0.15451500567509543 001101 001101
-0.11669284771378916 010011 010011
0.4295455654020086 010011 010101
0.4295455654019903 010101 010011
-0.15451500567510595 010101 010101
0.12990444487482491 100011 000111
0.21223099499890724 100101 000111
State 30
dE =  363.48272748414007
0.5741945072494239 000111 011001
0.2870972536247137 001011 010101
-0.2870972536246866 001101 010011
-0.28709725362468597 010011 001101
0.2870972536247267 010101 001011
0.5741945072493893 011001 000111
State 31
dE =  363.77728968158254
-0.11029383582851109 000111 100011
0.6806710975709663 000111 100101
-0.10299924458923418 001011 101001
-0.10299924458924009 010011 110001
0.11029383582854696 100011 000111
-0.6806710975709555 100101 000111
0.10299924458921768 101001 001011
0.10299924458921095 110001 010011
State 32
dE =  364.38833857291434
-0.6338487591747145 001011 011001
0.2509683332383753 010011 011001
0.6338487591746711 011001 001011
-0.2509683332383794 011001 010011
State 33
dE =  364.3883385729146
-0.25096833323837275 001011 011001
-0.6338487591747214 010011 011001
0.25096833323837786 011001 001011
0.6338487591746615 011001 010011
State 34
dE =  365.8039394535672
0.5882561113914893 000111 100101
-0.18377374778368136 001011 001101
-0.10545926146342978 001011 101001
-0.1837737477836583 001101 001011
-0.1837737477836622 010011 010101
-0.10545926146342971 010011 110001
-0.18377374778365327 010101 010011
-0.29263191148492834 100011 100011
-0.10968585172701066 100011 100101
0.5882561113914281 100101 000111
-0.10968585172701278 100101 100011
-0.10545926146340741 101001 001011
-0.10545926146341322 110001 010011
State 35
dE =  365.9110638486527
0.12390819022555202 001011 100011
0.5549840766041011 001011 100101
-0.40131254251262244 001101 100011
-0.12390819022550567 100011 001011
0.4013125425126766 100011 001101
-0.5549840766040519 100101 001011
State 36
dE =  365.9110638486529
0.12390819022557167 010011 100011
0.5549840766040725 010011 100101
-0.4013125425126341 010101 100011
-0.12390819022554925 100011 010011
0.40131254251267373 100011 010101
-0.5549840766040648 100101 010011
State 37
dE =  366.47839887559553
-0.1078256958468759 000111 001101
-0.2144459602176146 001011 011001
-0.1078256958469154 001101 000111
0.6248950739032922 010011 011001
-0.15712819923191632 010101 011001
-0.21444596021759244 011001 001011
0.6248950739034044 011001 010011
-0.15712819923189875 011001 010101
State 38
dE =  366.4783988755957
-0.10782569584688087 000111 010101
-0.6248950739033231 001011 011001
0.15712819923191088 001101 011001
-0.21444596021761875 010011 011001
-0.10782569584690233 010101 000111
-0.6248950739033803 011001 001011
0.15712819923190802 011001 001101
-0.2144459602175964 011001 010011
State 39
dE =  367.1411951974591
0.4065028927513929 001011 110001
-0.40650289275145274 010011 101001
0.4065028927514116 011001 100011
0.40650289275139595 100011 011001
-0.4065028927513668 101001 010011
0.4065028927513927 110001 001011
State 40
dE =  367.80122037212345
-0.6943593225295985 000111 101001
0.6943593225295485 101001 000111
State 41
dE =  367.8012203721238
-0.6943593225295884 000111 110001
0.6943593225295589 110001 000111
State 42
dE =  368.3018986546911
-0.17374069721818713 001011 100011
0.3643350763817547 001011 100101
0.46562898834891364 001101 100011
-0.11160299406092757 001101 100101
-0.1600437727432034 010011 100101
-0.2045397899483856 010101 100011
0.17374069721821106 100011 001011
-0.4656289883490076 100011 001101
0.20453978994839833 100011 010101
-0.36433507638187407 100101 001011
0.11160299406093789 100101 001101
0.16004377274323012 100101 010011
State 43
dE =  368.3018986546913
-0.16004377274315656 001011 100101
-0.2045397899483492 001101 100011
0.17374069721826788 010011 100011
-0.3643350763820201 010011 100101
-0.465628988349079 010101 100011
0.11160299406094747 010101 100101
0.20453978994843353 100011 001101
-0.17374069721815838 100011 010011
0.46562898834882155 100011 010101
0.1600437727432656 100101 001011
0.36433507638165 100101 010011
-0.11160299406089338 100101 010101
State 44
dE =  368.983386024844
-0.1402203468796813 000111 110001
-0.10589529753507647 001011 011001
0.1251379981321445 001011 100101
0.13211802121901922 010011 100011
-0.5083462332871374 010011 100101
-0.36812588640740057 010101 100011
-0.10589529753505035 011001 001011
0.13211802121913194 100011 010011
-0.3681258864077134 100011 010101
0.12513799813197665 100101 001011
-0.5083462332873876 100101 010011
-0.14022034687970011 110001 000111
State 45
dE =  368.98338602484415
0.14022034687965895 000111 101001
-0.1321180212190981 001011 100011
0.5083462332873075 001011 100101
0.3681258864075998 001101 100011
-0.1058952975350498 010011 011001
0.12513799813204562 010011 100101
-0.10589529753509207 011001 010011
-0.1321180212190586 100011 001011
0.3681258864075158 100011 001101
0.5083462332872083 100101 001011
0.12513799813205398 100101 010011
0.14022034687973636 101001 000111
State 46
dE =  369.4615205085738
-0.2708136019629669 001011 110001
-0.10377649496231067 001101 010101
0.27081360196319787 010011 101001
0.10377649496232083 010101 001101
-0.5635814269448486 011001 100011
0.5635814269448903 100011 011001
-0.27081360196319937 101001 010011
0.270813601963012 110001 001011
State 47
dE =  369.9491640774333
0.10777544515319919 001011 101001
-0.48368773706294144 001011 110001
-0.4836877370628594 010011 101001
-0.10777544515321855 010011 110001
-0.10777544515318302 101001 001011
0.48368773706284796 101001 010011
0.48368773706290263 110001 001011
0.10777544515320184 110001 010011
State 48
dE =  369.94916407743347
-0.48368773706293483 001011 101001
-0.10777544515324827 001011 110001
-0.10777544515317682 010011 101001
0.48368773706290663 010011 110001
0.4836877370628638 101001 001011
0.1077754451532233 101001 010011
0.1077754451531556 110001 001011
-0.48368773706284757 110001 010011
State 49
dE =  370.49871095997645
-0.5097107665376924 000111 101001
-0.14217356089720976 000111 110001
-0.15846804415657212 001011 100011
-0.18200582540002272 001011 100101
0.3277049411377389 001101 100011
-0.1456436205156623 001101 100101
-0.15846804415658622 100011 001011
0.32770494113773646 100011 001101
-0.18200582540002413 100101 001011
-0.14564362051568147 100101 001101
-0.5097107665377734 101001 000111
-0.14217356089722902 110001 000111
State 50
dE =  370.49871095997645
-0.1421735608972104 000111 101001
0.5097107665377196 000111 110001
0.15846804415657956 010011 100011
0.18200582540000518 010011 100101
-0.3277049411377365 010101 100011
0.14564362051568722 010101 100101
0.15846804415657798 100011 010011
-0.3277049411377024 100011 010101
0.18200582540002022 100101 010011
0.14564362051568505 100101 010101
-0.14217356089722408 101001 000111
0.5097107665377673 110001 000111
State 51
dE =  371.6125605395492
-0.15442658603714804 000111 100101
-0.47831656335933476 001011 101001
-0.4783165633592252 010011 110001
0.1544265860371758 100101 000111
0.4783165633592004 101001 001011
0.4783165633593456 110001 010011
State 52
dE =  371.73832106366245
-0.27833310395226235 001011 110001
0.27833310395238026 010011 101001
0.556666207904839 011001 100011
-0.15141697404109333 011001 100101
0.5566662079053479 100011 011001
-0.1514169740412746 100101 011001
0.27833310395284555 101001 010011
-0.2783331039527052 110001 001011
State 53
dE =  371.779726627475
-0.34604083880458186 001011 110001
-0.2570552257187305 001101 010101
0.3460408388045675 010011 101001
0.25705522571874295 010101 001101
0.3934727755635915 011001 100011
-0.13967879997414226 011001 100101
-0.3934727755628378 100011 011001
0.13967879997395005 100101 011001
-0.3460408388041673 101001 010011
0.3460408388042769 110001 001011
State 54
dE =  371.9047559337014
-0.10453904794752383 000111 100011
0.2936287416689539 000111 100101
0.1109814273617342 001011 101001
0.11098142736172262 010011 110001
-0.104539047947534 100011 000111
0.7775889760714515 100011 100011
0.26027281887315384 100011 100101
0.2936287416689162 100101 000111
0.2602728188731278 100101 100011
0.11098142736165639 101001 001011
0.1109814273616522 110001 010011
State 55
dE =  372.22021742264644
-0.14354294504072737 001011 101001
-0.4083857517638296 001011 110001
-0.28268606249049566 001101 010101
-0.40838575176369996 010011 101001
0.14354294504076703 010011 110001
-0.2826860624904164 010101 001101
-0.1435429450408166 101001 001011
-0.40838575176378106 101001 010011
-0.408385751763827 110001 001011
0.14354294504076898 110001 010011
State 56
dE =  372.22021742264656
-0.4083857517636897 001011 101001
0.14354294504075119 001011 110001
-0.28268606249042993 001101 001101
0.14354294504078194 010011 101001
0.4083857517638239 010011 110001
0.2826860624904514 010101 010101
-0.40838575176387937 101001 001011
0.14354294504073914 101001 010011
0.14354294504081758 110001 001011
0.40838575176375713 110001 010011
State 57
dE =  373.2704899849726
0.10976574715953455 000111 100101
0.333534977070983 001011 101001
0.38244631116242916 001101 001101
0.11759649063002368 001101 101001
0.3335349770709591 010011 110001
0.38244631116247646 010101 010101
0.11759649063003844 010101 110001
-0.29036255298950914 011001 011001
-0.20667571095747955 100011 100011
-0.10254745176459726 100011 100101
0.10976574715953906 100101 000111
-0.10254745176454033 100101 100011
0.3335349770710261 101001 001011
0.11759649063001673 101001 001101
0.33353497707098007 110001 010011
0.11759649063002892 110001 010101
State 58
dE =  373.82178656975594
-0.20945430739434348 001011 110001
0.5620370442501268 001101 010101
0.16611159599504288 001101 110001
0.20945430739428478 010011 101001
-0.5620370442501624 010101 001101
-0.16611159599506164 010101 101001
-0.11305470495391302 011001 100101
0.11305470495391803 100101 011001
-0.20945430739437612 101001 010011
0.166111595995035 101001 010101
0.2094543073943386 110001 001011
-0.16611159599504546 110001 001101
State 59
dE =  374.4927215470336
0.6919840200102093 100011 100101
-0.6919840200102062 100101 100011
State 60
dE =  374.87758424422725
0.23597461297228467 001011 110001
-0.5473009660974368 001101 010101
-0.172817456967175 001101 110001
0.23597461297225922 010011 101001
-0.547300966097429 010101 001101
-0.17281745696718584 010101 101001
0.23597461297227218 101001 010011
-0.17281745696718975 101001 010101
0.23597461297227104 110001 001011
-0.1728174569671852 110001 001101
State 61
dE =  374.87758424422736
-0.2359746129722266 001011 101001
0.5473009660974367 001101 001101
0.17281745696718032 001101 101001
0.23597461297230202 010011 110001
-0.5473009660974403 010101 010101
-0.1728174569671729 010101 110001
-0.23597461297224767 101001 001011
0.17281745696718034 101001 001101
0.23597461297229086 110001 010011
-0.1728174569671884 110001 010101
State 62
dE =  375.3726274837749
0.10390786870976093 001101 011001
-0.678827260855525 010101 011001
-0.10390786870979359 011001 001101
0.6788272608555268 011001 010101
0.12599544255775683 011001 110001
-0.12599544255776288 110001 011001
State 63
dE =  375.3726274837754
-0.6788272608554892 001101 011001
-0.1039078687097848 010101 011001
0.6788272608555648 011001 001101
0.1039078687097711 011001 010101
0.1259954425577596 011001 101001
-0.12599544255774367 101001 011001
State 64
dE =  375.9880809564673
0.3104341231006832 001011 101001
-0.46047115032397573 001101 001101
-0.1421125082548871 001101 101001
0.31043412310067137 010011 110001
-0.46047115032391955 010101 010101
-0.14211250825487454 010101 110001
0.14539627604181105 011001 011001
-0.14717366605502186 100011 100101
-0.14717366605503646 100101 100011
0.31043412310068913 101001 001011
-0.14211250825488742 101001 001101
0.31043412310067797 110001 010011
-0.14211250825486374 110001 010101
State 65
dE =  376.896989664205
-0.40810091163671497 001101 110001
0.4081009116367446 010101 101001
-0.40810091163672785 011001 100101
-0.4081009116367054 100101 011001
0.4081009116367067 101001 010101
-0.40810091163673556 110001 001101
State 66
dE =  377.6011668539048
0.3108945671000887 001101 100101
0.1054927935644633 010101 100011
0.3636344058282781 010101 100101
-0.11887360346892487 011001 101001
0.10163273028558367 011001 110001
-0.10549279356446624 100011 010101
-0.2977225089011353 100011 101001
-0.34822785304921355 100011 110001
-0.31089456710021124 100101 001101
-0.36363440582826073 100101 010101
0.11887360346892156 101001 011001
0.29772250890107027 101001 100011
-0.1016327302856086 110001 011001
0.34822785304920595 110001 100011
State 67
dE =  377.60116685390483
-0.10549279356445859 001101 100011
-0.36363440582820317 001101 100101
0.3108945671001435 010101 100101
-0.1016327302855942 011001 101001
-0.11887360346890777 011001 110001
0.10549279356449248 100011 001101
0.34822785304923565 100011 101001
-0.29772250890109725 100011 110001
0.3636344058283138 100101 001101
-0.3108945671001662 100101 010101
0.1016327302855932 101001 011001
-0.34822785304919923 101001 100011
0.11887360346893258 110001 011001
0.2977225089011164 110001 100011
State 68
dE =  378.5258388246776
-0.11545703549675662 001101 100101
0.16765610733785882 010011 011001
0.6668382363874746 010101 011001
0.1676561073378475 011001 010011
0.6668382363874694 011001 010101
-0.11545703549672584 100101 001101
State 69
dE =  378.52583882467786
-0.16765610733785874 001011 011001
-0.6668382363875106 001101 011001
-0.11545703549671088 010101 100101
-0.1676561073378553 011001 001011
-0.6668382363874396 011001 001101
-0.11545703549673987 100101 010101
State 70
dE =  379.0352935717446
-0.10426413590515633 001101 001101
-0.10426413590515861 010101 010101
-0.449982560873253 100011 100011
0.6090312264152676 100011 100101
0.6090312264152804 100101 100011
State 71
dE =  379.38892694792224
0.10037372894939212 000111 101001
-0.12763739352832884 001101 100011
-0.5195651743328219 001101 100101
-0.28766412167427335 010101 100101
-0.16586043686816848 011001 110001
-0.12763739352831274 100011 001101
-0.19719775121453356 100011 101001
-0.109181139733133 100011 110001
-0.5195651743329276 100101 001101
-0.28766412167425154 100101 010101
0.10037372894940956 101001 000111
-0.19719775121486138 101001 100011
-0.16586043686815172 110001 011001
-0.10918113973313594 110001 100011
State 72
dE =  379.38892694792224
0.10037372894941138 000111 110001
0.2876641216742447 001101 100101
-0.127637393528328 010101 100011
-0.519565174332844 010101 100101
0.16586043686814303 011001 101001
-0.12763739352832687 100011 010101
0.10918113973301533 100011 101001
-0.19719775121467978 100011 110001
0.2876641216742945 100101 001101
-0.5195651743329076 100101 010101
0.16586043686816354 101001 011001
0.10918113973322026 101001 100011
0.10037372894942032 110001 000111
-0.1971977512147269 110001 100011
State 73
dE =  379.82905299099247
-0.45437575672099695 001101 100101
-0.5112527616333143 100011 101001
0.4543757567207383 100101 001101
0.5112527616330829 101001 100011
State 74
dE =  379.8290529909926
0.4543757567209024 010101 100101
0.511252761633197 100011 110001
-0.45437575672082114 100101 010101
-0.5112527616332091 110001 100011
State 75
dE =  379.8693054977332
0.19202872948837998 001101 101001
-0.45768029271661576 001101 110001
-0.4576802927167015 010101 101001
-0.19202872948846034 010101 110001
-0.1920287294883922 101001 001101
0.45768029271666993 101001 010101
0.45768029271655863 110001 001101
0.1920287294884685 110001 010101
State 76
dE =  379.86930549773376
-0.4576802927165407 001101 101001
-0.1920287294884026 001101 110001
-0.1920287294884621 010101 101001
0.45768029271670774 010101 110001
0.45768029271656985 101001 001101
0.1920287294884603 101001 010101
0.1920287294883756 110001 001101
-0.4576802927167289 110001 010101
State 77
dE =  380.1035702729548
0.2401333037780513 001101 110001
-0.2401333037778225 010101 101001
0.5942166745272377 011001 100101
-0.5942166745272451 100101 011001
0.24013330377782968 101001 010101
-0.24013330377807318 110001 001101
State 78
dE =  381.27235848531836
0.49344663659116267 001101 101001
0.4934466365910169 010101 110001
-0.4934466365911919 101001 001101
-0.4934466365909715 110001 010101
State 79
dE =  381.8635774396864
0.16312569799099652 001101 001101
0.16312569799099114 010101 010101
0.9352492691037475 011001 011001
State 80
dE =  381.95011875309933
-0.1179717029133049 001011 100011
-0.2160662427302989 001101 100101
-0.11797170291328693 100011 001011
0.6153109315516375 100011 101001
0.16746126303867134 100011 110001
-0.2160662427302397 100101 001101
-0.1406513697777906 100101 101001
0.6153109315517442 101001 100011
-0.1406513697777975 101001 100101
0.16746126303870257 110001 100011
State 81
dE =  381.9501187530997
-0.1179717029132943 010011 100011
-0.21606624273026023 010101 100101
-0.11797170291330143 100011 010011
-0.1674612630386965 100011 101001
0.6153109315517089 100011 110001
-0.21606624273028607 100101 010101
-0.1406513697777904 100101 110001
-0.1674612630386892 101001 100011
0.6153109315516676 110001 100011
-0.1406513697777988 110001 100101
State 82
dE =  382.8710337630574
0.2769593381008819 001101 110001
-0.276959338100884 010101 101001
-0.15295918667148492 011001 100011
-0.553918676201821 011001 100101
-0.1529591866715058 100011 011001
-0.5539186762019007 100101 011001
-0.2769593381009797 101001 010101
0.27695933810094653 110001 001101
State 83
dE =  383.7386726582929
0.2322586424918137 001101 010101
-0.3931563075476936 001101 110001
-0.23225864249197933 010101 001101
0.393156307547967 010101 101001
0.1160771926142858 011001 100011
0.32784907585395423 011001 100101
-0.11607719261424161 100011 011001
-0.32784907585379264 100101 011001
-0.39315630754761716 101001 010101
0.3931563075479032 110001 001101
State 84
dE =  383.9208427949359
-0.25308123683590705 001101 010101
0.45735406902430065 001101 110001
-0.2530812368357689 010101 001101
0.45735406902403464 010101 101001
0.4573540690243294 101001 010101
0.4573540690240959 110001 001101
State 85
dE =  383.92084279493616
0.253081236835822 001101 001101
-0.457354069024203 001101 101001
-0.253081236835844 010101 010101
0.4573540690242119 010101 110001
-0.45735406902413434 101001 001101
0.45735406902421566 110001 010101
State 86
dE =  385.1035414803811
-0.10904069371118251 001101 011001
-0.13155156741272647 010101 100101
0.10904069371118376 011001 001101
-0.570998398414014 011001 101001
-0.351917265838203 011001 110001
0.13155156741271518 100101 010101
0.570998398413963 101001 011001
0.3519172658379604 110001 011001
State 87
dE =  385.1035414803811
-0.1315515674127785 001101 100101
0.10904069371116511 010101 011001
-0.10904069371120592 011001 010101
-0.351917265838158 011001 101001
0.5709983984141621 011001 110001
0.13155156741267773 100101 001101
0.3519172658380304 101001 011001
-0.5709983984137933 110001 011001
State 88
dE =  385.2336907825257
0.22760291939608834 001101 001101
-0.40773654372173745 001101 101001
0.22760291939606098 010101 010101
-0.40773654372168316 010101 110001
-0.427421441641727 100101 100101
-0.4077365437217383 101001 001101
-0.40773654372170115 110001 010101
State 89
dE =  385.88025409599277
-0.14645287695531858 001101 100101
-0.22297854913474832 011001 101001
0.6364133322405815 011001 110001
-0.14645287695541354 100101 001101
-0.22297854913477405 101001 011001
0.6364133322410519 110001 011001
State 90
dE =  385.88025409599305
-0.14645287695534562 010101 100101
-0.6364133322407569 011001 101001
-0.22297854913472612 011001 110001
-0.1464528769553786 100101 010101
-0.6364133322408762 101001 011001
-0.22297854913479404 110001 011001
State 91
dE =  386.40032839629197
0.10237302696473993 001101 001101
-0.18387467497158735 001101 101001
0.10237302696473632 010101 010101
-0.1838746749715772 010101 110001
0.856436156964843 100101 100101
-0.1838746749715891 101001 001101
-0.21441516290259396 101001 101001
-0.18387467497158377 110001 010101
-0.21441516290258789 110001 110001
State 92
dE =  387.17829095408837
0.10023304738443733 010101 100101
-0.10023304738444071 100101 010101
0.6911933606196484 100101 110001
-0.6911933606196399 110001 100101
State 93
dE =  387.17829095408945
-0.1002330473844551 001101 100101
0.10023304738442661 100101 001101
-0.6911933606196089 100101 101001
0.6911933606196803 101001 100101
State 94
dE =  390.08404218535594
0.10396201674381819 001101 100101
0.1039620167438124 100101 001101
-0.5017099282331893 100101 101001
0.45290893561860185 100101 110001
-0.5017099282331814 101001 100101
0.4529089356186106 110001 100101
State 95
dE =  390.08404218535634
0.10396201674381494 010101 100101
0.10396201674381325 100101 010101
-0.4529089356186557 100101 101001
-0.5017099282331807 100101 110001
-0.45290893561855744 101001 100101
-0.5017099282331897 110001 100101
State 96
dE =  391.12676813263107
0.6945011925345586 101001 110001
-0.6945011925344986 110001 101001
State 97
dE =  392.2318131644655
-0.510612449467161 101001 101001
0.4701733585822915 101001 110001
0.4701733585823301 110001 101001
0.5106124494671647 110001 110001
State 98
dE =  392.2318131644658
-0.4701733585823108 101001 101001
-0.5106124494671382 101001 110001
-0.5106124494671855 110001 101001
0.47017335858231063 110001 110001
State 99
dE =  394.3184694229875
-0.2551045761064642 100101 100101
-0.660093819068878 101001 101001
-0.6600938190688764 110001 110001
State 100
dE =  544.568416981943
-0.5141820676737923 000111 001110
-0.4609423078533836 000111 010110
0.5141820676742047 001110 000111
0.4609423078538436 010110 000111
State 101
dE =  544.5684169819431
-0.4609423078535408 000111 001110
0.5141820676738513 000111 010110
0.4609423078536898 001110 000111
-0.5141820676741402 010110 000111
State 102
dE =  544.9998475789927
0.6908342533323317 000111 001110
0.6908342533319339 001110 000111
State 103
dE =  544.9998475789934
-0.6908342533323641 000111 010110
-0.6908342533318972 010110 000111
State 104
dE =  545.8280392301426
-0.39921300334042514 000111 011010
0.3992130033404743 001011 010110
-0.39921300334039045 001110 010011
-0.3992130033404596 010011 001110
0.3992130033403719 010110 001011
-0.3992130033403622 011010 000111
State 105
dE =  547.0267383533773
-0.4472250433732834 000111 011010
0.3740914766710437 001011 010110
0.37409147667107767 001110 010011
-0.3740914766710389 010011 001110
-0.3740914766710923 010110 001011
0.44722504337338814 011010 000111
State 106
dE =  548.3791134828826
-0.4887703066631339 001011 010110
0.48877030666322396 001110 010011
-0.4887703066630908 010011 001110
0.48877030666325927 010110 001011
State 107
dE =  548.3791134828828
-0.48877030666319055 001011 001110
0.488770306663193 001110 001011
0.48877030666315635 010011 010110
-0.48877030666316473 010110 010011
State 108
dE =  548.9947762840363
-0.5130635066561844 000111 011010
-0.1278408868620302 000111 011100
-0.30484741239701046 001011 010110
-0.30484741239694046 001110 010011
0.3048474123969943 010011 001110
0.30484741239676355 010110 001011
0.5130635066558249 011010 000111
0.1278408868619573 011100 000111
State 109
dE =  549.2059250272495
0.4838478301564628 001011 010110
0.48384783015622435 001110 010011
0.48384783015642424 010011 001110
0.48384783015639976 010110 001011
State 110
dE =  549.2059250272498
-0.48384783015818394 001011 001110
-0.4838478301545474 001110 001011
0.4838478301545773 010011 010110
0.48384783015820615 010110 010011
State 111
dE =  549.2465522389745
-0.48477081360820373 001011 001110
0.4847708136118717 001110 001011
-0.48477081361189767 010011 010110
0.4847708136082395 010110 010011
State 112
dE =  549.345179607953
0.5504855241115941 000111 011010
0.13216708517892783 000111 011100
0.27524276205564147 001011 010110
-0.2752427620560211 001110 010011
-0.27524276205583276 010011 001110
0.2752427620558887 010110 001011
0.5504855241118743 011010 000111
0.13216708517901302 011100 000111
State 113
dE =  550.0431929227794
-0.48039002839801903 001011 001110
-0.48039002839801664 001110 001011
-0.48039002839799616 010011 010110
-0.48039002839798806 010110 010011
State 114
dE =  553.2074169779142
0.669207544936654 000111 100110
0.12649696789508832 100101 100110
-0.6692075449370308 100110 000111
-0.12649696789516857 100110 100101
State 115
dE =  553.4478734553375
-0.66806590558233 000111 100110
-0.14257364915595008 100101 100110
-0.6680659055819541 100110 000111
-0.14257364915587914 100110 100101
State 116
dE =  554.1386835549481
0.12757197763278483 001011 011010
-0.6508812748469797 010011 011010
-0.13557479000663367 010011 011100
-0.1057860951100036 010110 011001
0.10578609511000296 011001 010110
-0.12757197763284012 011010 001011
0.6508812748469556 011010 010011
0.13557479000663183 011100 010011
State 117
dE =  554.1386835549483
-0.6508812748470201 001011 011010
-0.13557479000665992 001011 011100
-0.10578609511000515 001110 011001
-0.12757197763279157 010011 011010
0.10578609511000947 011001 001110
0.6508812748469093 011010 001011
0.12757197763283573 011010 010011
0.13557479000664194 011100 001011
State 118
dE =  554.2353887954073
0.3932641375968107 000111 011100
-0.39326413759685297 001101 010110
0.39326413759688034 001110 010101
0.3932641375968114 010101 001110
-0.39326413759697204 010110 001101
0.39326413759694173 011100 000111
State 119
dE =  554.7113181411484
-0.6688589772414509 010011 011010
-0.14587855995973298 010011 011100
-0.10209855226462904 010101 011010
-0.668858977241464 011010 010011
-0.10209855226462998 011010 010101
-0.14587855995975468 011100 010011
State 120
dE =  554.7113181411489
-0.6688589772414055 001011 011010
-0.14587855996024457 001011 011100
-0.10209855226413501 001101 011010
-0.6688589772415027 011010 001011
-0.1020985522641446 011010 001101
-0.14587855996026972 011100 001011
State 121
dE =  554.7137971689018
-0.3380509161501061 000111 101010
-0.19256813811362017 000111 110010
0.3380509161498082 001011 100110
-0.33805091614998595 001110 100011
0.19256813811323573 010011 100110
-0.19256813811335347 010110 100011
-0.33805091614984983 100011 001110
-0.1925681381133091 100011 010110
0.33805091615000793 100110 001011
0.19256813811334125 100110 010011
-0.338050916150282 101010 000111
-0.19256813811369508 110010 000111
State 122
dE =  554.713797168902
0.19256813811343215 000111 101010
-0.33805091614996585 000111 110010
-0.19256813811340795 001011 100110
0.1925681381134408 001110 100011
0.3380509161500191 010011 100110
-0.3380509161500326 010110 100011
0.1925681381134134 100011 001110
-0.33805091614999505 100011 010110
-0.1925681381133985 100110 001011
0.33805091615002586 100110 010011
0.1925681381134517 101010 000111
-0.33805091614999705 110010 000111
State 123
dE =  555.5556134261125
-0.45726152196809733 000111 011100
0.3553450318198382 001101 010110
0.35534503181958815 001110 010101
-0.3553450318197186 010101 001110
-0.3553450318197161 010110 001101
0.45726152196802816 011100 000111
State 124
dE =  555.632264688348
0.33738388154079507 000111 101010
0.2502637938851686 000111 110010
-0.32256977639671286 001011 100110
-0.2667571352005017 001110 100011
-0.23927502305389067 010011 100110
-0.19787445801015244 010110 100011
0.2667571352006573 100011 001110
0.1978744580102414 100011 010110
0.32256977639653717 100110 001011
0.23927502305379839 100110 010011
-0.33738388154064275 101010 000111
-0.25026379388505615 110010 000111
State 125
dE =  555.6322646883483
-0.2502637938851275 000111 101010
0.33738388154074733 000111 110010
0.2392750230538965 001011 100110
0.19787445801017095 001110 100011
-0.32256977639649714 010011 100110
-0.26675713520068395 010110 100011
-0.19787445801020373 100011 001110
0.2667571352007015 100011 010110
-0.2392750230538314 100110 001011
0.3225697763964984 100110 010011
0.25026379388508135 101010 000111
-0.33738388154075427 110010 000111
State 126
dE =  556.3650536841227
0.1475824552322429 000111 101010
0.48906580326491483 001011 100110
0.12957627322635237 001101 100110
-0.4087938023906923 001110 100011
0.40879380239045476 100011 001110
-0.4890658032652539 100110 001011
-0.12957627322646215 100110 001101
-0.11284694726950054 100110 101001
0.11284694726941925 101001 100110
-0.14758245523235186 101010 000111
State 127
dE =  556.3650536841227
-0.147582455232195 000111 110010
-0.48906580326509996 010011 100110
-0.12957627322641854 010101 100110
0.4087938023905587 010110 100011
-0.4087938023904606 100011 010110
0.4890658032652208 100110 010011
0.12957627322645518 100110 010101
0.11284694726949313 100110 110001
-0.11284694726946447 110001 100110
0.14758245523220964 110010 000111
State 128
dE =  556.9762033701656
-0.1870285495908489 000111 110010
-0.16208717443132353 001011 100110
-0.10153105806225024 001110 100011
-0.5006088725438511 010011 100110
-0.16339353417950897 010101 100110
-0.313580322952906 010110 100011
-0.10153105806223334 100011 001110
-0.3135803229530327 100011 010110
-0.16208717443135517 100110 001011
-0.5006088725437299 100110 010011
-0.16339353417948427 100110 010101
-0.11311465340010221 100110 110001
-0.11311465340012963 110001 100110
-0.1870285495908448 110010 000111
State 129
dE =  556.9762033701659
0.18702854959087398 000111 101010
0.5006088725439544 001011 100110
0.16339353417953068 001101 100110
0.31358032295279403 001110 100011
-0.1620871744313804 010011 100110
-0.10153105806222722 010110 100011
0.3135803229531458 100011 001110
-0.10153105806225662 100011 010110
0.5006088725436388 100110 001011
0.16339353417945718 100110 001101
-0.162087174431324 100110 010011
0.11311465340007505 100110 101001
0.11311465340015446 101001 100110
0.18702854959080376 101010 000111
State 130
dE =  557.0519388476632
-0.11134421864510534 001011 110010
-0.4689618452167299 001101 010110
0.4689618452167752 001110 010101
-0.11134421864510938 010011 101010
-0.4689618452167371 010101 001110
0.4689618452167168 010110 001101
0.11134421864513212 101010 010011
0.11134421864510122 110010 001011
State 131
dE =  557.0519388476636
-0.1113442186451183 001011 101010
-0.46896184521679857 001101 001110
0.46896184521680323 001110 001101
0.11134421864508123 010011 110010
0.4689618452166754 010101 010110
-0.46896184521669065 010110 010101
0.11134421864512485 101010 001011
-0.11134421864509349 110010 010011
State 132
dE =  557.9670638067238
-0.12134056371038977 000111 100110
-0.10791828097832556 001011 101010
-0.4580749710485658 001101 001110
0.4580749710489981 001110 001101
-0.10791828097847217 010011 110010
-0.4580749710491379 010101 010110
0.4580749710487572 010110 010101
0.12380492305429654 011001 011010
-0.12380492305430392 011010 011001
0.12134056371039142 100110 000111
0.10791828097845034 101010 001011
0.10791828097836319 110010 010011
State 133
dE =  558.3494170585614
0.4000167962087618 001011 011100
-0.4000167962088529 001101 011010
0.4000167962088302 001110 011001
0.40001679620876457 011001 001110
-0.40001679620877456 011010 001101
0.40001679620885877 011100 001011
State 134
dE =  558.3494170585616
0.4000167962087199 010011 011100
-0.4000167962088496 010101 011010
0.400016796208852 010110 011001
0.40001679620876013 011001 010110
-0.4000167962087924 011010 010101
0.4000167962088691 011100 010011
State 135
dE =  558.4262110002014
-0.14220259475227837 001011 110010
-0.46519806618116694 001101 010110
-0.4651980661811429 001110 010101
-0.14220259475231928 010011 101010
-0.46519806618115483 010101 001110
-0.46519806618113835 010110 001101
-0.1422025947523135 101010 010011
-0.14220259475229702 110010 001011
State 136
dE =  558.4262110002016
-0.14220259475228453 001011 101010
-0.4651980661811334 001101 001110
-0.46519806618110915 001110 001101
0.14220259475229882 010011 110010
0.46519806618118453 010101 010110
0.4651980661811821 010110 010101
-0.14220259475229555 101010 001011
0.14220259475231098 110010 010011
State 137
dE =  558.4674595290381
0.4093328735357095 000111 101010
-0.26757280473492734 000111 110010
0.1356176260123696 001011 100110
0.12143012840267599 001101 100110
0.3408407417872327 001110 100011
-0.2228008526656982 010110 100011
-0.34084074178691254 100011 001110
0.22280085266566535 100011 010110
0.1367593411265675 100011 101010
-0.13561762601247068 100110 001011
-0.12143012840270218 100110 001101
-0.4093328735358252 101010 000111
-0.13675934112664226 101010 100011
0.26757280473472844 110010 000111
State 138
dE =  558.4674595290383
0.2675728047347508 000111 101010
0.4093328735357772 000111 110010
0.22280085266586067 001110 100011
0.1356176260124022 010011 100110
0.12143012840268376 010101 100110
0.3408407417871232 010110 100011
-0.22280085266548977 100011 001110
-0.34084074178700363 100011 010110
0.1367593411265936 100011 110010
-0.135617626012461 100110 010011
-0.12143012840270209 100110 010101
-0.2675728047349013 101010 000111
-0.4093328735357607 110010 000111
-0.1367593411266188 110010 100011
State 139
dE =  558.8553604320282
-0.18249073177591726 000111 101010
0.4671470997999617 000111 110010
0.15916531350773738 001110 100011
-0.4074377579088122 010110 100011
0.159165313507764 100011 001110
-0.40743775790880377 100011 010110
0.15667047151531896 100011 110010
-0.18249073177588748 101010 000111
0.4671470998000101 110010 000111
0.1566704715153283 110010 100011
State 140
dE =  558.8553604320286
-0.46714709980015073 000111 101010
-0.18249073177593841 000111 110010
0.4074377579086578 001110 100011
0.15916531350773314 010110 100011
0.4074377579089647 100011 001110
0.15916531350780336 100011 010110
-0.15667047151538077 100011 101010
-0.4671470997998205 101010 000111
-0.1566704715152617 101010 100011
-0.1824907317758419 110010 000111
State 141
dE =  559.3384058933271
0.4238478233933449 000111 011100
0.18337020548836538 001011 110010
0.2664045436605 001101 010110
0.26640454366185495 001110 010101
-0.18337020548842092 010011 101010
-0.2664045436605788 010101 001110
-0.2664045436617765 010110 001101
0.2578500162851813 011010 100011
-0.42384782339591903 011100 000111
-0.2578500162839392 100011 011010
0.18337020548910143 101010 010011
-0.18337020548904434 110010 001011
State 142
dE =  559.3611857958889
-0.11005980581708331 000111 100110
-0.13925096849037705 001011 101010
-0.44662168904536503 001101 001110
-0.4466216890453458 001110 001101
-0.13925096849035085 010011 110010
-0.4466216890453102 010101 010110
-0.4466216890452782 010110 010101
0.12397221218607808 011001 011010
0.12397221218606977 011010 011001
-0.11005980581707647 100110 000111
-0.13925096849037089 101010 001011
-0.13925096849034557 110010 010011
State 143
dE =  559.4205616355247
-0.4943825452290891 000111 011100
-0.12637186297904138 001011 110010
-0.247191272614621 001101 010110
0.24719127261335824 001110 010101
0.1263718629790814 010011 101010
0.2471912726147012 010101 001110
-0.2471912726132792 010110 001101
0.2527437259564748 011010 100011
-0.49438254522688846 011100 000111
0.25274372595785455 100011 011010
0.12637186297814515 101010 010011
-0.1263718629780943 110010 001011
State 144
dE =  560.0774606389907
0.4564115143567821 001011 011100
-0.41152805956658517 001101 011010
-0.3166304016134227 001110 011001
0.31663040161343436 011001 001110
0.4115280595665598 011010 001101
-0.4564115143567838 011100 001011
State 145
dE =  560.0774606389913
-0.45641151435678595 010011 011100
0.411528059566572 010101 011010
0.31663040161340955 010110 011001
-0.3166304016134883 011001 010110
-0.41152805956655236 011010 010101
0.45641151435676885 011100 010011
State 146
dE =  560.7270906989745
-0.35332356085470173 001011 110010
-0.13705943990852307 001101 110010
0.35332356085472183 010011 101010
0.13705943990853414 010101 101010
-0.14614519521625163 011001 100110
-0.35332356085479427 011010 100011
-0.15714673342127874 011100 100011
-0.3533235608546261 100011 011010
-0.15714673342118085 100011 011100
-0.14614519521622546 100110 011001
0.35332356085475186 101010 010011
0.13705943990850997 101010 010101
-0.3533235608547426 110010 001011
-0.137059439908506 110010 001101
State 147
dE =  561.2590771181119
-0.22360679774997275 000111 111000
0.2236067977499643 001011 110100
-0.22360679774996484 001101 110010
0.22360679774997994 001110 110001
-0.2236067977499669 010011 101100
0.2236067977499869 010101 101010
-0.22360679774999379 010110 101001
-0.22360679774996844 011001 100110
0.22360679775000564 011010 100101
-0.22360679774996556 011100 100011
0.2236067977499489 100011 011100
-0.22360679774997938 100101 011010
0.2236067977499854 100110 011001
0.22360679774997463 101001 010110
-0.2236067977499896 101010 010101
0.22360679774998243 101100 010011
-0.2236067977499782 110001 001110
0.2236067977499942 110010 001101
-0.22360679774999032 110100 001011
0.22360679774998932 111000 000111
State 148
dE =  561.623997755158
0.37259726089721473 001011 110010
-0.1399371949618974 001101 010110
0.12254242810764557 001101 110010
-0.13993719496196289 001110 010101
-0.3725972608972733 010011 101010
0.13993719496196438 010101 001110
-0.12254242810765478 010101 101010
0.1399371949619154 010110 001101
-0.3052113586596384 011010 100011
-0.1452639906159101 011100 100011
0.3052113586597429 100011 011010
0.14526399061593565 100011 011100
0.3725972608972639 101010 010011
0.12254242810763889 101010 010101
-0.3725972608971758 110010 001011
-0.12254242810760792 110010 001101
State 149
dE =  562.170632994295
0.10498845277836762 000111 011010
-0.2954642161324834 000111 011100
0.14567603102148263 001011 110010
-0.14693177533334043 001101 010110
-0.14693177533340934 001110 010101
-0.14567603102150828 010011 101010
0.146931775333364 010101 001110
0.1469317753333956 010110 001101
-0.10498845277839448 011010 000111
0.48443921370729986 011010 100011
0.2954642161325453 011100 000111
0.18367720310333083 011100 100011
-0.4844392137071208 100011 011010
-0.18367720310324975 100011 011100
0.10558205453846561 100011 111000
0.14567603102163124 101010 010011
-0.14567603102163973 110010 001011
-0.10558205453850139 111000 100011
State 150
dE =  562.4501210321899
0.1118785009406074 001101 011010
-0.12758097262058285 001110 011001
-0.44145582351538687 010101 011010
0.5034154270895644 010110 011001
0.12758097262059728 011001 001110
-0.5034154270895386 011001 010110
-0.1118785009405486 011010 001101
0.4414558235154688 011010 010101
State 151
dE =  562.4501210321903
0.4414558235154008 001101 011010
-0.503415427089533 001110 011001
0.11187850094053726 010101 011010
-0.12758097262064577 010110 011001
0.5034154270895577 011001 001110
0.12758097262060333 011001 010110
-0.44145582351544554 011010 001101
-0.11187850094056138 011010 010101
State 152
dE =  562.6621255431617
-0.26186791035321527 000111 011100
0.22744206753894539 001011 110010
-0.13093395517658685 001101 010110
0.1309339551765782 001110 010101
-0.2274420675389874 010011 101010
0.13093395517662398 010101 001110
-0.13093395517646114 010110 001101
-0.45488413507778935 011010 100011
-0.2618679103530629 011100 000111
-0.16776529193257902 011100 100011
-0.4548841350779508 100011 011010
-0.16776529193263856 100011 011100
0.1014636763670866 100011 111000
-0.2274420675390135 101010 010011
0.22744206753874538 110010 001011
0.1014636763670466 111000 100011
State 153
dE =  562.7696016652768
0.39748225810930654 000111 110100
-0.39748225810935234 010101 100110
0.3974822581094059 010110 100101
0.39748225810928917 100101 010110
-0.3974822581093887 100110 010101
0.3974822581093938 110100 000111
State 154
dE =  562.769601665277
0.39748225810933935 000111 101100
-0.39748225810934573 001101 100110
0.39748225810942467 001110 100101
0.39748225810930987 100101 001110
-0.3974822581093634 100110 001101
0.3974822581093546 101100 000111
State 155
dE =  562.86361483143
-0.44111697212285905 001011 101010
0.12900995128189682 001101 001110
-0.15270618023054558 001101 101010
-0.1290099512820055 001110 001101
0.441116972122873 010011 110010
-0.1290099512818912 010101 010110
0.15270618023055357 010101 110010
0.12900995128201448 010110 010101
0.4411169721231211 101010 001011
0.1527061802306448 101010 001101
-0.44111697212315887 110010 010011
-0.15270618023064922 110010 010101
State 156
dE =  562.86361483143
0.4411169721228488 001011 110010
-0.12900995128187787 001101 010110
0.15270618023053129 001101 110010
0.12900995128201434 001110 010101
0.4411169721228066 010011 101010
-0.12900995128190507 010101 001110
0.15270618023057875 010101 101010
0.1290099512820473 010110 001101
-0.44111697212310313 101010 010011
-0.1527061802305763 101010 010101
-0.4411169721232416 110010 001011
-0.15270618023069882 110010 001101
State 157
dE =  563.131959971571
0.43208263854056483 001011 110010
-0.15529239382558166 001101 010110
0.13305092958598413 001101 110010
-0.15529239382545187 001110 010101
0.43208263854044604 010011 101010
-0.155292393825549 010101 001110
0.13305092958610454 010101 101010
-0.15529239382548846 010110 001101
0.43208263854008644 101010 010011
0.13305092958596332 101010 010101
0.4320826385402251 110010 001011
0.13305092958585418 110010 001101
State 158
dE =  563.1319599715711
-0.4320826385404858 001011 101010
0.1552923938255633 001101 001110
-0.13305092958602965 001101 101010
0.15529239382547505 001110 001101
0.4320826385404443 010011 110010
-0.15529239382553664 010101 010110
0.1330509295860031 010101 110010
-0.15529239382548424 010110 010101
-0.43208263854018236 101010 001011
-0.13305092958591708 101010 001101
0.4320826385402151 110010 010011
0.13305092958593143 110010 010101
State 159
dE =  563.2544897563855
0.26792067194209035 000111 111000
-0.24231594647391408 001011 110100
0.21229403809715736 001101 110010
0.19201694831711877 001110 110001
0.24231594647399635 010011 101100
-0.21229403809700445 010101 101010
-0.19201694831710148 010110 101001
0.1866893126289417 011001 100110
0.2176216737852482 011010 100101
-0.247643582162095 011100 100011
-0.24764358216213075 100011 011100
0.21762167378524433 100101 011010
0.18668931262893718 100110 011001
-0.19201694831709695 101001 010110
-0.21229403809702893 101010 010101
0.24231594647396193 101100 010011
0.19201694831714763 110001 001110
0.21229403809707978 110010 001101
-0.2423159464739308 110100 001011
0.26792067194207086 111000 000111
State 160
dE =  563.6019838391921
0.10414003137115577 000111 110100
0.17723944407533043 001011 011010
-0.46720600734150575 001011 011100
-0.2720908990399871 001101 011010
-0.313375078356911 001110 011001
0.31337507833273925 011001 001110
-0.17723944406464157 011010 001011
0.27209089898900246 011010 001101
0.46720600731467543 011100 001011
-0.1041400313655718 110100 000111
State 161
dE =  563.6019838391925
-0.10414003136484326 000111 101100
0.1772394440631455 010011 011010
-0.46720600731096307 010011 011100
-0.2720908989820782 010101 011010
-0.313375078329494 010110 011001
0.3133750783600884 011001 010110
-0.1772394440767933 011010 010011
0.2720908990469432 011010 010101
0.4672060073452266 011100 010011
0.10414003137188545 101100 000111
State 162
dE =  563.6028297086037
-0.11340672048267632 010011 011010
0.2850031361232582 010011 011100
0.5393207145497835 010101 011010
0.254317578463413 010110 011001
0.25431757841796754 011001 010110
-0.11340672045692264 011010 010011
0.5393207145101251 011010 010101
0.2850031360553545 011100 010011
State 163
dE =  563.6028297086038
-0.11340672045900599 001011 011010
0.2850031360608664 001011 011100
0.5393207145132984 001101 011010
0.25431757842134717 001110 011001
0.2543175784597102 011001 001110
-0.11340672048068934 011010 001011
0.5393207145465725 011010 001101
0.2850031361180001 011100 001011
State 164
dE =  563.7885423773017
-0.4312373841042441 001011 101010
0.14277706883079458 001101 001110
-0.15424874054305693 001101 101010
-0.1427770688308388 001110 001101
-0.4312373841042379 010011 110010
0.14277706883078947 010101 010110
-0.15424874054305904 010101 110010
-0.14277706883081268 010110 010101
0.43123738410435936 101010 001011
0.1542487405431142 101010 001101
0.4312373841042924 110010 010011
0.1542487405430795 110010 010101
State 165
dE =  564.0735150959717
0.4230738742396077 001011 101010
-0.16952691018284274 001101 001110
0.13574248465384497 001101 101010
-0.1695269101828159 001110 001101
0.4230738742396293 010011 110010
-0.16952691018284385 010101 010110
0.13574248465385688 010101 110010
-0.16952691018281135 010110 010101
0.4230738742395352 101010 001011
0.1357424846538214 101010 001101
0.4230738742395294 110010 010011
0.1357424846538193 110010 010101
State 166
dE =  564.1340159684638
0.17919727152899778 001011 011100
-0.20257821906093978 001110 011001
-0.10692075661475613 010011 011010
0.41367223901743994 010011 011100
-0.46764654807540823 010110 011001
-0.20257821906093726 011001 001110
-0.4676465480752767 011001 010110
-0.10692075661482683 011010 010011
0.1791972715290589 011100 001011
0.4136722390175897 011100 010011
State 167
dE =  564.1340159684639
0.10692075661475116 001011 011010
-0.41367223901737127 001011 011100
0.46764654807544376 001110 011001
0.179197271529058 010011 011100
-0.20257821906087486 010110 011001
0.46764654807536843 011001 001110
-0.20257821906083737 011001 010110
0.10692075661479859 011010 001011
-0.4136722390175085 011100 001011
0.1791972715291893 011100 010011
State 168
dE =  564.1784651528922
-0.4098316003655215 000111 101100
0.26465715267733 000111 110100
0.3129183909818393 001101 100110
0.23588728727522926 001110 100101
-0.20207346213363353 010101 100110
-0.15232904868088118 010110 100101
-0.2358872872753553 100101 001110
0.1523290486809598 100101 010110
-0.3129183909818871 100110 001101
0.20207346213366678 100110 010101
0.4098316003655478 101100 000111
-0.26465715267736484 110100 000111
State 169
dE =  564.1784651528923
-0.264657152677357 000111 101100
-0.40983160036551664 000111 110100
0.2020734621336627 001101 100110
0.1523290486808809 001110 100101
0.31291839098191476 010101 100110
0.23588728727509328 010110 100101
-0.15232904868095118 100101 001110
-0.23588728727535166 100101 010110
-0.2020734621336575 100110 001101
-0.3129183909818973 100110 010101
0.2646571526773387 101100 000111
0.40983160036555294 110100 000111
State 170
dE =  564.9667702851413
0.24673219992558662 001101 100110
-0.5136764077339803 001110 100101
0.13538279872861755 010101 100110
-0.2818559950460205 010110 100101
0.5136764077339385 100101 001110
0.2818559950459178 100101 010110
-0.1015845559843032 100101 101100
-0.24673219992567713 100110 001101
-0.13538279872871942 100110 010101
0.10158455598431838 101100 100101
State 171
dE =  564.9667702851416
-0.13538279872864548 001101 100110
0.28185599504592934 001110 100101
0.24673219992557335 010101 100110
-0.5136764077340233 010110 100101
-0.2818559950459526 100101 001110
0.5136764077339179 100101 010110
-0.1015845559842933 100101 110100
0.13538279872872896 100110 001101
-0.2467321999256937 100110 010101
0.10158455598432051 110100 100101
State 172
dE =  565.1815833283149
-0.2158996438998639 001011 110100
-0.1645434798475643 001110 110001
0.21589964389994956 010011 101100
0.16454347984766898 010110 101001
0.3020915335585752 011001 100110
-0.37933370807313505 011010 100101
0.2507353695062763 011100 100011
0.250735369506294 100011 011100
-0.37933370807313754 100101 011010
0.30209153355859614 100110 011001
0.16454347984765072 101001 010110
0.21589964389997662 101100 010011
-0.16454347984757298 110001 001110
-0.21589964389987218 110100 001011
State 173
dE =  565.6406480247024
-0.28687123325976016 001011 110100
0.28687123325973446 001101 110010
-0.28687123325970804 001110 110001
-0.2868712332596538 010011 101100
0.28687123325970393 010101 101010
-0.28687123325968755 010110 101001
-0.28687123325968994 101001 010110
0.28687123325970626 101010 010101
-0.28687123325970904 101100 010011
-0.28687123325974223 110001 001110
0.2868712332597211 110010 001101
-0.28687123325973507 110100 001011
State 174
dE =  565.6406480247026
-0.2868712332597357 001011 101100
0.2868712332597261 001101 101010
-0.2868712332597562 001110 101001
0.2868712332596945 010011 110100
-0.2868712332596702 010101 110010
0.28687123325970604 010110 110001
-0.28687123325971026 101001 001110
0.28687123325973374 101010 001101
-0.2868712332597567 101100 001011
0.28687123325967223 110001 010110
-0.28687123325969566 110010 010101
0.2868712332596923 110100 010011
State 175
dE =  566.0899393185988
0.15455754489031165 000111 101100
0.2687623322954343 000111 110100
-0.10979444937467057 001101 100110
-0.26435199426487105 001110 100101
-0.1909231432731263 010101 100110
-0.4596854755684414 010110 100101
-0.26435199426499645 100101 001110
-0.45968547556859496 100101 010110
0.12041816655555936 100101 110100
-0.10979444937461191 100110 001101
-0.1909231432729869 100110 010101
0.15455754489028073 101100 000111
0.2687623322954645 110100 000111
0.12041816655553358 110100 100101
State 176
dE =  566.0899393185991
0.26876233229545976 000111 101100
-0.15455754489029683 000111 110100
-0.19092314327307497 001101 100110
-0.4596854755684879 001110 100101
0.10979444937467746 010101 100110
0.26435199426487777 010110 100101
-0.45968547556852574 100101 001110
0.2643519942649984 100101 010110
0.12041816655555294 100101 101100
-0.1909231432730763 100110 001101
0.10979444937461151 100110 010101
0.26876233229544627 101100 000111
0.12041816655553851 101100 100101
-0.15455754489026272 110100 000111
State 177
dE =  566.7960405434358
-0.28867513459480687 001011 101100
0.28867513459480115 001101 101010
-0.2886751345947977 001110 101001
-0.2886751345948295 010011 110100
0.2886751345948224 010101 110010
-0.2886751345948419 010110 110001
-0.2886751345947716 101001 001110
0.2886751345947712 101010 001101
-0.2886751345947862 101100 001011
-0.28867513459483557 110001 010110
0.28867513459485117 110010 010101
-0.2886751345948368 110100 010011
State 178
dE =  566.8593588205632
0.24871873561873623 001011 110100
-0.12314182440162606 001110 110001
-0.24871873561883767 010011 101100
0.12314182440165557 010110 101001
-0.2547235832469226 011001 100110
-0.39451809753651346 011010 100101
0.2796038113420131 011100 100011
-0.27960381134200574 100011 011100
0.3945180975365092 100101 011010
0.25472358324688626 100110 011001
-0.1231418244016844 101001 010110
0.24871873561880978 101100 010011
0.12314182440160337 110001 001110
-0.24871873561877306 110100 001011
State 179
dE =  567.3168064663474
-0.3490489333288475 001011 110100
0.27707601136185805 001101 110010
0.2211018632946845 001110 110001
-0.3490489333287776 010011 101100
0.27707601136187987 010101 101010
0.22110186329466155 010110 101001
-0.22110186329467735 101001 010110
-0.27707601136183635 101010 010101
0.349048933328816 101100 010011
-0.22110186329467715 110001 001110
-0.2770760113618775 110010 001101
0.3490489333288506 110100 001011
State 180
dE =  567.3168064663475
0.3490489333288362 001011 101100
-0.27707601136185234 001101 101010
-0.22110186329469897 001110 101001
-0.34904893332886405 010011 110100
0.27707601136185467 010101 110010
0.221101863294668 010110 110001
0.2211018632946965 101001 001110
0.2770760113618484 101010 001101
-0.349048933328807 101100 001011
-0.22110186329468326 110001 010110
-0.2770760113618263 110010 010101
0.34904893332881637 110100 010011
State 181
dE =  567.6994747389998
0.42879903705150485 000111 110100
-0.1517409322363923 010011 100110
0.4636017575063726 010101 100110
0.14288137629117836 010110 100101
-0.1266397111398433 100011 110010
-0.14288137629114603 100101 010110
0.15174093223618143 100110 010011
-0.4636017575057471 100110 010101
0.12663971113972602 110010 100011
-0.4287990370509074 110100 000111
State 182
dE =  567.699474739
0.42879903705067907 000111 101100
-0.1517409322360962 001011 100110
0.46360175750551624 001101 100110
0.14288137629105746 001110 100101
-0.12663971113967587 100011 101010
-0.1428813762912151 100101 001110
0.1517409322364677 100110 001011
-0.4636017575066467 100110 001101
0.12663971113987035 101010 100011
-0.42879903705171296 101100 000111
State 183
dE =  567.7850999744467
0.6784884527189124 011001 011010
-0.6784884527189429 011010 011001
State 184
dE =  567.8885232163741
-0.28190251717718995 000111 101100
0.3226408026733106 000111 110100
0.10433722699868334 001011 100110
-0.3246693981988617 001101 100110
-0.11941520425091828 010011 100110
0.3715880095263351 010101 100110
0.1043372269985 100110 001011
-0.32466939819828927 100110 001101
-0.1194152042510677 100110 010011
0.37158800952678706 100110 010101
-0.2819025171767171 101100 000111
0.32264080267371187 110100 000111
State 185
dE =  567.8885232163741
0.3226408026739583 000111 101100
0.28190251717677156 000111 110100
-0.11941520425114906 001011 100110
0.3715880095270552 001101 100110
-0.10433722699853488 010011 100110
0.3246693981983776 010101 100110
-0.11941520425082855 100110 001011
0.3715880095260774 100110 001101
-0.10433722699865793 100110 010011
0.32466939819876345 100110 010101
0.32264080267305106 101100 000111
0.28190251717713666 110100 000111
State 186
dE =  568.3246332379402
0.3754702708642505 000111 111000
0.18218178027988002 001101 110010
-0.2876308804241337 001110 110001
-0.18218178027987733 010101 101010
0.2876308804241784 010110 101001
-0.2551968117028344 011001 100110
0.14974771155851094 011010 100101
0.14974771155838582 100101 011010
-0.255196811702707 100110 011001
0.2876308804241123 101001 010110
-0.18218178027980042 101010 010101
-0.287630880424165 110001 001110
0.18218178027980075 110010 001101
0.37547027086414725 111000 000111
State 187
dE =  568.352312861757
0.32576832803134576 001011 101100
-0.22053969757847153 001101 101010
0.3257683280313503 010011 110100
-0.22053969757845304 010101 110010
-0.3864575951286603 100011 100110
-0.12160382684235625 100101 100110
0.3864575951286562 100110 100011
0.12160382684235396 100110 100101
0.22053969757847677 101010 001101
-0.3257683280313411 101100 001011
0.2205396975784505 110010 010101
-0.32576832803135203 110100 010011
State 188
dE =  568.6305910337265
-0.14542493872105183 001011 101100
0.17068575237538722 001101 101010
0.26704528942996525 001110 101001
-0.14542493872108117 010011 110100
0.1706857523754151 010101 110010
0.26704528942993766 010110 110001
-0.4709365886856065 100011 100110
-0.14986754475832653 100101 100110
0.47093658868566207 100110 100011
0.14986754475834574 100110 100101
-0.2670452894299525 101001 001110
-0.170685752375382 101010 001101
0.14542493872101142 101100 001011
-0.2670452894299364 110001 010110
-0.17068575237542416 110010 010101
0.14542493872108306 110100 010011
State 189
dE =  568.921813941186
-0.15139966083449474 000111 111000
-0.21405042187837364 001101 110010
0.15357375721371017 001110 110001
0.2140504218784089 010101 101010
-0.15357375721376545 010110 101001
0.40409955681815607 011001 100110
-0.3688100092000352 011010 100101
0.3688100092000536 100101 011010
-0.10805136542492247 100101 111000
-0.4040995568182258 100110 011001
0.15357375721386446 101001 010110
-0.2140504218784536 101010 010101
-0.15357375721381902 110001 001110
0.21405042187842144 110010 001101
0.15139966083465778 111000 000111
0.1080513654249423 111000 100101
State 190
dE =  569.0297352882952
0.6420709512603796 011001 011010
0.6420709512603543 011010 011001
-0.17986534266377643 100011 100110
-0.1798653426637006 100110 100011
State 191
dE =  569.2218728160806
-0.11616928534016427 000111 100110
0.11785576607883559 001110 101001
0.11785576607884693 010110 110001
0.2248529788444791 011001 011010
0.22485297884447322 011010 011001
0.5800627737022378 100011 100110
0.20907553587385969 100101 100110
-0.11616928534016112 100110 000111
0.5800627737022196 100110 100011
0.2090755358738561 100110 100101
0.11785576607887752 101001 001110
0.11785576607883327 110001 010110
State 192
dE =  569.4916914541607
0.46879414601366176 000111 111000
0.30808764506396813 001110 110001
-0.30808764506400105 010110 101001
-0.10559199072296466 011001 100110
-0.18152499847256226 011010 100101
0.18152499847237072 100101 011010
0.10559199072306795 100110 011001
0.30808764506396547 101001 010110
-0.3080876450639677 110001 001110
-0.468794146013573 111000 000111
State 193
dE =  569.9894479198433
-0.21956406806400572 001011 101100
-0.42397033732155853 001110 101001
0.21956406806396175 010011 110100
0.4239703373215829 010110 110001
0.4239703373215187 101001 001110
-0.10418480839315843 101001 101100
0.21956406806411893 101100 001011
0.10418480839318302 101100 101001
-0.4239703373215165 110001 010110
0.10418480839314473 110001 110100
-0.21956406806405676 110100 010011
-0.10418480839317865 110100 110001
State 194
dE =  569.9894479198434
-0.21956406806401288 001011 110100
-0.42397033732160594 001110 110001
-0.21956406806401396 010011 101100
-0.4239703373214994 010110 101001
0.4239703373215539 101001 010110
-0.10418480839316531 101001 110100
0.2195640680640412 101100 010011
0.10418480839318335 101100 110001
0.42397033732154066 110001 001110
-0.10418480839315772 110001 101100
0.2195640680640212 110100 001011
0.10418480839315356 110100 101001
State 195
dE =  570.192954013306
-0.1220440043106758 000111 111000
-0.10656215540525854 001011 110100
-0.17353825887486865 001101 110010
-0.18902010777733008 001110 110001
0.1065621554054272 010011 101100
0.17353825887490956 010101 101010
0.18902010777746117 010110 101001
0.25599621125046335 011001 100110
0.4691205220659707 011010 100101
0.46912052206595256 100101 011010
-0.12147959426257143 100101 111000
0.2559962112504737 100110 011001
0.1890201077773879 101001 010110
0.173538258874884 101010 010101
0.10656215540530548 101100 010011
-0.18902010777759862 110001 001110
-0.1735382588748042 110010 001101
-0.10656215540536397 110100 001011
-0.12204400431088301 111000 000111
-0.12147959426260811 111000 100101
State 196
dE =  570.1979475163827
-0.1626020081950812 000111 111000
-0.1507404687579184 001011 110010
0.21906485656609445 001011 110100
0.23646774684800276 001101 110010
0.10680956817152375 001110 110001
0.15074046875793243 010011 101010
-0.21906485656608 010011 101100
-0.236467746848056 010101 101010
-0.1068095681714264 010110 101001
0.1800048984746706 011001 100110
-0.15074046875709962 011010 100011
0.163272416532299 011010 100101
0.2922601868723557 011100 100011
-0.15074046875702854 100011 011010
0.2922601868722188 100011 011100
0.163272416532288 100101 011010
0.18000489847468576 100110 011001
-0.10680956817147971 101001 010110
0.15074046875795388 101010 010011
-0.23646774684809965 101010 010101
-0.2190648565661535 101100 010011
0.10680956817129747 110001 001110
-0.15074046875795685 110010 001011
0.23646774684811137 110010 001101
0.2190648565661382 110100 001011
-0.16260200819514492 111000 000111
State 197
dE =  570.6925514081966
-0.15086180377569214 000111 111000
-0.1391874940984867 001011 110010
0.20798992929623017 001011 110100
0.2449984376241851 001101 110010
0.13918749409848535 010011 101010
-0.20798992929599008 010011 101100
-0.24499843762424614 010101 101010
0.13190199185867899 011001 100110
0.15304447428351406 011010 100011
-0.18056942953545604 011010 100101
-0.34798164403669074 011100 100011
-0.15304447428358922 100011 011010
0.3479816440368505 100011 011100
0.18056942953568214 100101 011010
-0.13190199185863408 100110 011001
-0.1391874940984988 101010 010011
0.2449984376242605 101010 010101
0.20798992929630503 101100 010011
0.13918749409839568 110010 001011
-0.2449984376240962 110010 001101
-0.20798992929588944 110100 001011
0.15086180377557423 111000 000111
State 198
dE =  570.7692197472079
-0.3640377601252759 001011 101100
0.28975980456426387 001110 101001
0.3640377601252904 010011 110100
-0.2897598045642684 010110 110001
0.28975980456437495 101001 001110
-0.11880008104984956 101001 101100
-0.36403776012527034 101100 001011
-0.11880008104983418 101100 101001
-0.2897598045643564 110001 010110
0.11880008104984689 110001 110100
0.36403776012527383 110100 010011
0.11880008104983193 110100 110001
State 199
dE =  570.7692197472079
0.3640377601251659 001011 110100
-0.2897598045642439 001110 110001
0.3640377601253874 010011 101100
-0.28975980456431966 010110 101001
-0.28975980456433814 101001 010110
0.11880008104981939 101001 110100
0.3640377601252285 101100 010011
0.11880008104982015 101100 110001
-0.2897598045643081 110001 001110
0.11880008104986153 110001 101100
0.3640377601253551 110100 001011
0.11880008104986008 110100 101001
State 200
dE =  571.1278166435219
0.11348947342744561 000111 111000
0.25446390273122815 001011 110100
-0.2544639027313514 010011 101100
0.3825452787246678 011001 100110
-0.15560620088459534 011010 100011
0.24337336781929758 011010 100101
0.294380221873942 011100 100011
0.15560620088453594 100011 011010
-0.29438022187377305 100011 011100
-0.24337336781932217 100101 011010
-0.3825452787249906 100110 011001
0.2544639027314417 101100 010011
-0.25446390273145614 110100 001011
-0.1134894734275744 111000 000111
State 201
dE =  571.4191917653749
0.2060658492401047 000111 111000
0.2516828421265337 001011 110100
-0.10612379432019962 001110 110001
-0.25168284212633907 010011 101100
0.10612379432005867 010110 101001
0.4183134378805246 011001 100110
0.11530422215809032 011010 100011
-0.2972998350123449 011100 100011
0.11530422215816337 100011 011010
-0.2972998350125057 100011 011100
0.4183134378802166 100110 011001
0.10612379432003607 101001 010110
-0.2516828421262418 101100 010011
-0.10612379431996449 110001 001110
0.2516828421262282 110100 001011
0.20606584924022947 111000 000111
State 202
dE =  571.4447426201777
0.19767953038871872 001011 101100
0.38492739269890264 001110 101001
0.19767953038838756 010011 110100
0.38492739269902654 010110 110001
0.24585456352663812 100011 100110
-0.24585456352665727 100110 100011
-0.3849273926988508 101001 001110
0.11481976899161962 101001 101100
-0.19767953038875488 101100 001011
-0.11481976899163462 101100 101001
-0.3849273926990468 110001 010110
0.1148197689915635 110001 110100
-0.1976795303884245 110100 010011
-0.11481976899157062 110100 110001
State 203
dE =  571.5107158532858
0.1603013736871096 001011 110010
-0.24248596499568356 001011 110100
-0.363775605604546 001101 110010
0.16030137368707073 010011 101010
-0.24248596499573682 010011 101100
-0.36377560560436756 010101 101010
0.11057602666857602 101001 110010
-0.16030137368699218 101010 010011
0.3637756056043686 101010 010101
-0.11057602666850935 101010 110001
0.24248596499545996 101100 010011
0.11057602666854342 110001 101010
-0.16030137368709593 110010 001011
0.36377560560440453 110010 001101
-0.11057602666856102 110010 101001
0.24248596499575534 110100 001011
State 204
dE =  571.5107158532859
0.16030137368705527 001011 101010
-0.24248596499554642 001011 101100
-0.3637756056044629 001101 101010
-0.16030137368709013 010011 110010
0.24248596499573633 010011 110100
0.36377560560444616 010101 110010
0.11057602666855525 101001 101010
-0.16030137368704492 101010 001011
0.3637756056044364 101010 001101
-0.11057602666854648 101010 101001
0.24248596499553016 101100 001011
-0.1105760266685525 110001 110010
0.16030137368707817 110010 010011
-0.36377560560439987 110010 010101
0.11057602666854487 110010 110001
-0.24248596499573566 110100 010011
State 205
dE =  572.1593060333788
0.3335211942332622 001011 101100
-0.25954445234134094 001110 101001
0.3335211942332607 010011 110100
-0.25954445234139645 010110 110001
0.1986726079884003 100011 100110
0.19867260798837563 100110 100011
-0.2595444523413562 101001 001110
0.12776689179304979 101001 101100
0.3335211942332588 101100 001011
0.12776689179304543 101100 101001
-0.2595444523414411 110001 010110
0.12776689179305795 110001 110100
0.3335211942332295 110100 010011
0.12776689179304213 110100 110001
State 206
dE =  572.2985611076297
-0.11216417342918239 001011 110010
0.23201303775879353 001101 101010
0.27816817298405283 001101 110010
0.16274345560132095 001110 101001
0.19511855948720855 001110 110001
-0.11216417342918164 010011 101010
0.2781681729840603 010101 101010
-0.23201303775872983 010101 110010
0.19511855948719403 010110 101001
-0.16274345560126255 010110 110001
0.16274345560134446 101001 001110
0.1951185594871265 101001 010110
0.23201303775874538 101010 001101
-0.11216417342921176 101010 010011
0.27816817298412927 101010 010101
0.19511855948720638 110001 001110
-0.16274345560119058 110001 010110
-0.11216417342921693 110010 001011
0.27816817298415586 110010 001101
-0.23201303775881765 110010 010101
State 207
dE =  572.2985611076301
0.11216417342920677 001011 101010
-0.2781681729841192 001101 101010
0.23201303775876428 001101 110010
-0.19511855948713352 001110 101001
0.16274345560133038 001110 110001
-0.11216417342918236 010011 110010
0.23201303775872176 010101 101010
0.27816817298406993 010101 110010
0.16274345560128559 010110 101001
0.19511855948718376 010110 110001
-0.19511855948719461 101001 001110
0.16274345560125897 101001 010110
0.11216417342918802 101010 001011
-0.2781681729840759 101010 001101
0.23201303775877993 101010 010101
0.1627434556012737 110001 001110
0.19511855948714724 110001 010110
0.23201303775878468 110010 001101
-0.11216417342923346 110010 010011
0.27816817298416885 110010 010101
State 208
dE =  572.5208298742231
0.403564601286149 001011 111000
-0.4035646012861676 011001 101010
0.4035646012862261 011010 101001
0.4035646012862081 101001 011010
-0.4035646012862193 101010 011001
0.4035646012862209 111000 001011
State 209
dE =  572.5208298742232
0.40356460128616056 010011 111000
-0.40356460128617516 011001 110010
0.40356460128623395 011010 110001
0.40356460128612825 110001 011010
-0.403564601286252 110010 011001
0.4035646012862414 111000 010011
State 210
dE =  572.8125210390824
-0.1686411640755142 001011 101010
0.23101883554009855 001011 101100
0.3605621752160591 001101 101010
-0.16864116407554494 010011 110010
0.23101883554011204 010011 110100
0.36056217521614464 010101 110010
-0.11591195984274066 101001 101010
0.16864116407555446 101010 001011
-0.3605621752161601 101010 001101
0.1159119598427739 101010 101001
-0.231018835540141 101100 001011
-0.11591195984276793 110001 110010
0.16864116407550622 110010 010011
-0.3605621752160392 110010 010101
0.11591195984273528 110010 110001
-0.23101883554008365 110100 010011
State 211
dE =  573.1518053247088
0.40009203632586177 000111 111000
-0.2004410399828418 001101 110010
0.15854227058035975 001110 110001
0.20044103998277726 010101 101010
-0.1585422705803481 010110 101001
-0.14929206700281683 011010 100011
0.3178745848004512 011100 100011
-0.11428812246120706 011100 100101
-0.14929206700273637 100011 011010
0.31787458480027664 100011 011100
0.14157403544323266 100011 111000
-0.11428812246113004 100101 011100
-0.15854227058023693 101001 010110
0.20044103998294813 101010 010101
0.1585422705802063 110001 001110
-0.20044103998297594 110010 001101
0.4000920363260796 111000 000111
0.14157403544331076 111000 100011
State 212
dE =  573.2446518770249
0.35620106849886585 000111 111000
-0.21473929983136064 001101 110010
-0.19259721159497167 001110 110001
0.21473929983133583 010101 101010
0.1925972115949518 010110 101001
0.1587533641317821 011001 100110
0.12144169728822322 011010 100011
-0.27372929914730354 011100 100011
0.11453615649564079 011100 100101
-0.12144169728833895 100011 011010
0.2737292991475449 100011 011100
0.12415669589496951 100011 111000
-0.11453615649572114 100101 011100
-0.15875336413173896 100110 011001
-0.19259721159510318 101001 010110
-0.214739299831274 101010 010101
0.1925972115950762 110001 001110
0.21473929983121848 110010 001101
-0.3562010684986197 111000 000111
-0.12415669589486675 111000 100011
State 213
dE =  573.5041758191959
-0.3830379491570088 001011 111000
0.33268820129823223 001101 011100
-0.11148765008730306 001101 111000
0.383823478554256 011001 101010
-0.15193433779630444 011010 101001
-0.33268820129811316 011100 001101
0.1519343377962663 101001 011010
-0.3838234785542171 101010 011001
0.3830379491569573 111000 001011
0.11148765008727714 111000 001101
State 214
dE =  573.5041758191962
-0.383037949157065 010011 111000
0.3326882012981434 010101 011100
-0.11148765008728637 010101 111000
0.38382347855430154 011001 110010
-0.15193433779623508 011010 110001
-0.33268820129814014 011100 010101
0.15193433779613014 110001 011010
-0.38382347855427157 110010 011001
0.38303794915701783 111000 010011
0.11148765008728939 111000 010101
State 215
dE =  573.6813848267627
0.14859145381813718 001011 101010
-0.10226225801979025 001011 101100
-0.3539074682494587 001101 101010
-0.25164521022965924 001110 101001
0.14859145381813865 010011 110010
-0.1022622580197934 010011 110100
-0.3539074682494601 010101 110010
-0.25164521022965214 010110 110001
0.1134364980722623 100011 100110
0.11343649807225885 100110 100011
-0.25164521022965936 101001 001110
0.11625151637916264 101001 101010
0.1485914538181393 101010 001011
-0.3539074682494572 101010 001101
0.11625151637916271 101010 101001
-0.1022622580198004 101100 001011
-0.2516452102296657 110001 010110
0.11625151637916475 110001 110010
0.1485914538181382 110010 010011
-0.3539074682494538 110010 010101
0.11625151637916163 110010 110001
-0.10226225801979728 110100 010011
State 216
dE =  573.9602851113374
0.31222936223018904 001011 111000
0.20295519380424992 001101 011100
-0.1645582867005988 011001 101010
-0.547712370246433 011010 101001
-0.2029551938043113 011100 001101
0.547712370246363 101001 011010
0.16455828670051786 101010 011001
-0.3122293622301162 111000 001011
State 217
dE =  573.9602851113377
0.31222936223023345 010011 111000
0.2029551938041943 010101 011100
-0.16455828670050685 011001 110010
-0.547712370246584 011010 110001
-0.2029551938045969 011100 010101
0.5477123702463293 110001 011010
0.16455828670032657 110010 011001
-0.3122293622299467 111000 010011
State 218
dE =  574.2619514899893
0.2152198295931739 001011 111000
-0.4569665797837584 001101 011100
0.11293514700212508 001101 111000
0.16498048488443504 010101 011100
-0.31069573825810815 011010 101001
0.11217173381380485 011010 110001
-0.4569665797837019 011100 001101
0.16498048488429312 011100 010101
-0.11588965572010902 011100 101001
0.1416125970882091 100011 110010
-0.3106957382581474 101001 011010
-0.11588965572011141 101001 011100
0.11217173381395522 110001 011010
0.14161259708796828 110010 100011
0.21521982959329303 111000 001011
0.11293514700212846 111000 001101
State 219
dE =  574.2619514899894
-0.16498048488429248 001101 011100
0.21521982959308736 010011 111000
-0.4569665797837507 010101 011100
0.11293514700212157 010101 111000
-0.11217173381389893 011010 101001
-0.31069573825799246 011010 110001
-0.1649804848842761 011100 001101
-0.45696657978378696 011100 010101
-0.11588965572010254 011100 110001
-0.14161259708840296 100011 101010
-0.112171733813835 101001 011010
-0.14161259708751792 101010 100011
-0.31069573825838415 110001 011010
-0.11588965572013112 110001 011100
0.2152198295933215 111000 010011
0.11293514700213811 111000 010101
State 220
dE =  574.4226264358399
0.13284840370072823 000111 110010
-0.1003188975650357 000111 110100
-0.18276620320707102 001101 011100
0.1394410027061367 010110 100011
0.18276620320692208 011100 001101
-0.13944100270605836 100011 010110
-0.5352859286818143 100011 110010
-0.241754451657067 100011 110100
-0.20242297856477562 100101 110010
-0.13284840370080897 110010 000111
0.5352859286821331 110010 100011
0.20242297856490762 110010 100101
0.10031889756512465 110100 000111
0.24175445165719503 110100 100011
State 221
dE =  574.4226264358402
0.13284840370078904 000111 101010
-0.10031889756503697 000111 101100
0.1394410027060932 001110 100011
0.18276620320724718 010101 011100
-0.18276620320654852 011100 010101
-0.13944100270610196 100011 001110
-0.5352859286820302 100011 101010
-0.24175445165713053 100011 101100
-0.2024229785648997 100101 101010
-0.13284840370077033 101010 000111
0.5352859286819939 101010 100011
0.20242297856482924 101010 100101
0.1003188975651331 101100 000111
0.24175445165713777 101100 100011
State 222
dE =  574.8819384141984
0.101973787852188 000111 101010
0.1421478960419342 001101 011100
-0.10576514911864761 001110 100011
0.17991127553579064 010101 011100
0.14214789604185654 011100 001101
0.17991127553577468 011100 010101
-0.10576514911867564 100011 001110
-0.4192517162509834 100011 101010
-0.19345985461376417 100011 101100
0.33125077458069263 100011 110010
0.15285262816363848 100011 110100
-0.1628182993998446 100101 101010
0.12864273585900435 100101 110010
0.10197378785217077 101010 000111
-0.4192517162509047 101010 100011
-0.16281829939982667 101010 100101
-0.1934598546137004 101100 100011
0.331250774580624 110010 100011
0.12864273585898844 110010 100101
0.15285262816360243 110100 100011
State 223
dE =  574.881938414199
-0.10197378785220126 000111 110010
0.1799112755359205 001101 011100
-0.1421478960416153 010101 011100
0.10576514911862996 010110 100011
0.1799112755357631 011100 001101
-0.14214789604182498 011100 010101
0.10576514911867317 100011 010110
0.3312507745804855 100011 101010
0.15285262816359718 100011 101100
0.4192517162510308 100011 110010
0.1934598546137425 100011 110100
0.12864273585885802 100101 101010
0.16281829939989537 100101 110010
0.3312507745809571 101010 100011
0.12864273585904135 101010 100101
0.15285262816379272 101100 100011
-0.10197378785215366 110010 000111
0.4192517162508203 110010 100011
0.16281829939981174 110010 100101
0.19345985461365747 110100 100011
State 224
dE =  575.4605309524179
0.15383272549865773 010011 111000
-0.41961141807031305 010101 011100
0.46354225210253747 011001 110010
-0.2257866064655914 011010 110001
0.4196114180704126 011100 010101
0.22578660646555498 110001 011010
-0.46354225210257133 110010 011001
-0.15383272549858026 111000 010011
State 225
dE =  575.4605309524184
0.15383272549854543 001011 111000
-0.4196114180702774 001101 011100
0.4635422521025289 011001 101010
-0.22578660646559784 011010 101001
0.41961141807046487 011100 001101
0.2257866064656727 101001 011010
-0.4635422521025234 101010 011001
-0.1538327254986256 111000 001011
State 226
dE =  576.3053540313542
0.22688120983788337 100011 100110
-0.6445193017454229 100101 100110
-0.2268812098378932 100110 100011
0.6445193017454459 100110 100101
State 227
dE =  576.3518992067837
0.19448707444774976 001011 111000
-0.22654172531667238 001101 011100
0.5259971536843463 011001 101010
0.33151007923651327 011010 101001
-0.22654172531669006 011100 001101
0.33151007923658643 101001 011010
0.5259971536843279 101010 011001
0.19448707444777275 111000 001011
State 228
dE =  576.3518992067841
-0.1944870744478389 010011 111000
0.22654172531664674 010101 011100
-0.5259971536843925 011001 110010
-0.33151007923649517 011010 110001
0.22654172531667455 011100 010101
-0.3315100792365198 110001 011010
-0.5259971536843105 110010 011001
-0.19448707444780117 111000 010011
State 229
dE =  576.4441105816478
0.11731940768291073 100011 101100
0.3786517440007758 100011 110100
-0.1173194076829052 100101 101010
-0.37865174400077306 100101 110010
0.11731940768291603 100110 101001
0.37865174400081597 100110 110001
0.11731940768287356 101001 100110
-0.11731940768289904 101010 100101
0.11731940768294821 101100 100011
0.37865174400080126 110001 100110
-0.3786517440008164 110010 100101
0.3786517440008065 110100 100011
State 230
dE =  576.4441105816481
-0.3786517440007572 100011 101100
0.11731940768290297 100011 110100
0.3786517440008037 100101 101010
-0.11731940768287902 100101 110010
-0.3786517440008696 100110 101001
0.11731940768292563 100110 110001
-0.37865174400082513 101001 100110
0.37865174400079815 101010 100101
-0.3786517440007322 101100 100011
0.11731940768288117 110001 100110
-0.11731940768289126 110010 100101
0.11731940768295872 110100 100011
State 231
dE =  577.6872779731077
0.12244127659296691 010011 011010
0.4271578483654272 010011 111000
0.29956012370289437 010101 011100
0.2886720051172456 011001 110010
-0.12244127659256582 011010 010011
0.27521864375485067 011010 110001
-0.29956012370175883 011100 010101
-0.2752186437558314 110001 011010
0.15639807242323683 110001 111000
-0.28867200511669194 110010 011001
-0.42715784836396964 111000 010011
-0.15639807242266537 111000 110001
State 232
dE =  577.6872779731079
0.12244127659271943 001011 011010
0.4271578483645736 001011 111000
0.29956012370212637 001101 011100
0.2886720051169541 011001 101010
-0.12244127659280986 011010 001011
0.2752186437554047 011010 101001
-0.299560123702451 011100 001101
-0.27521864375519584 101001 011010
0.1563980724228809 101001 111000
-0.2886720051170739 101010 011001
-0.4271578483648753 111000 001011
-0.15639807242300696 111000 101001
State 233
dE =  577.753077936861
0.1209547271167616 010011 011010
0.4504106232756007 010011 111000
0.34891928266937877 010101 011100
0.1761066901123489 011001 110010
0.12095472711716271 011010 010011
-0.27430393316385937 011010 110001
0.3489192826702932 011100 010101
-0.2743039331630026 110001 011010
0.17059777269880597 110001 111000
0.17610669011341085 110010 011001
0.4504106232770423 111000 010011
0.1705977726993131 111000 110001
State 234
dE =  577.7530779368616
-0.120954727117004 001011 011010
-0.4504106232765154 001011 111000
-0.34891928266988526 001101 011100
-0.1761066901130298 011001 101010
-0.1209547271169203 011010 001011
0.27430393316329676 011010 101001
-0.34891928266972194 011100 001101
0.27430393316349816 101001 011010
-0.17059777269911044 101001 111000
-0.17610669011284297 101010 011001
-0.4504106232761901 111000 001011
-0.17059777269899642 111000 101001
State 235
dE =  578.0086079085581
-0.25339355636548544 100011 100110
0.6341822971190397 100101 100110
-0.25339355636547667 100110 100011
0.6341822971190172 100110 100101
State 236
dE =  578.2264335323738
-0.23944716568370572 100011 101100
-0.38063796454654264 100011 110100
0.2156975291801303 100101 101010
0.34288427775055186 100101 110010
0.16902124710442143 100110 101001
0.2686851743649537 100110 110001
-0.1690212471044077 101001 100110
-0.21569752918014876 101010 100101
0.2394471656837343 101100 100011
-0.2686851743650119 110001 100110
-0.34288427775052965 110010 100101
0.3806379645464848 110100 100011
State 237
dE =  578.2264335323739
0.3806379645465362 100011 101100
-0.23944716568370103 100011 110100
-0.3428842777505424 100101 101010
0.21569752918018484 100101 110010
-0.2686851743649787 100110 101001
0.16902124710437383 100110 110001
0.26868517436499056 101001 100110
0.34288427775051494 101010 100101
-0.3806379645465149 101100 100011
-0.169021247104384 110001 100110
-0.21569752918019977 110010 100101
0.23944716568369634 110100 100011
State 238
dE =  579.0970938009898
0.6941972657610936 011001 011100
-0.6941972657611053 011100 011001
State 239
dE =  579.5425799580814
0.36962960009253387 001101 110100
-0.36962960009254603 010101 101100
0.3696296000925183 011100 100101
-0.14893520336978971 100011 111000
0.36962960009253354 100101 011100
0.14893520336979293 101001 110010
-0.14893520336979146 101010 110001
-0.369629600092556 101100 010101
-0.1489352033697881 110001 101010
0.1489352033697967 110010 101001
0.3696296000925962 110100 001101
-0.14893520336979743 111000 100011
State 240
dE =  580.1096158259248
-0.6942974007572482 011001 011100
-0.6942974007572369 011100 011001
State 241
dE =  580.3000477660843
-0.35744586607217205 001101 110100
0.35744586607215234 010101 101100
0.42623001151213497 011100 100101
0.13997579251169387 100011 111000
-0.42623001151210216 100101 011100
-0.11125640614453139 101001 110010
-0.1112564061444881 101010 110001
-0.3574458660721 101100 010101
0.11125640614451844 110001 101010
0.11125640614451422 110010 101001
0.35744586607219236 110100 001101
-0.13997579251168332 111000 100011
State 242
dE =  580.55822993595
0.11669633394783294 010011 100110
-0.14137713622824452 100101 101010
-0.3707541559365209 100101 110010
-0.1166963339478491 100110 010011
0.19437613673412765 100110 101001
0.5097412667400305 100110 110001
-0.19437613673410295 101001 100110
0.14137713622826828 101010 100101
-0.5097412667399671 110001 100110
0.37075415593657063 110010 100101
State 243
dE =  580.5582299359502
0.11669633394783528 001011 100110
-0.3707541559365145 100101 101010
0.14137713622822934 100101 110010
-0.11669633394784139 100110 001011
0.5097412667400073 100110 101001
-0.1943761367341457 100110 110001
-0.5097412667399692 101001 100110
0.3707541559365993 101010 100101
0.19437613673414447 110001 100110
-0.14137713622820278 110010 100101
State 244
dE =  581.2489107051163
0.47171628427452234 001101 101100
-0.4717162842746361 010101 110100
0.1210500226687657 101001 101010
-0.12105002266879379 101010 101001
-0.47171628427469725 101100 001101
-0.12105002266877331 110001 110010
0.12105002266880278 110010 110001
0.47171628427480766 110100 010101
State 245
dE =  581.2489107051165
0.47171628427459295 001101 110100
0.471716284274583 010101 101100
0.12105002266877722 101001 110010
-0.12105002266879929 101010 110001
-0.47171628427477075 101100 010101
0.1210500226687717 110001 101010
-0.12105002266878244 110010 101001
-0.471716284274719 110100 001101
State 246
dE =  581.6370138291276
0.11426787412829612 000111 111000
-0.3058887733828686 001101 110100
0.30588877338304776 010101 101100
-0.5120341762873769 011100 100101
0.5120341762866991 100101 011100
-0.3058887733832199 101100 010101
0.30588877338332915 110100 001101
-0.11426787412843747 111000 000111
State 247
dE =  581.7691207220131
-0.47427180677011643 001101 101100
0.47427180677030734 010101 110100
-0.4742718067700417 101100 001101
0.4742718067700354 110100 010101
State 248
dE =  581.7691207220132
0.4742718067706749 001101 110100
0.4742718067697209 010101 101100
0.4742718067696931 101100 010101
0.47427180677040337 110100 001101
State 249
dE =  581.8346904790943
-0.11267124820387756 000111 111000
0.2753115787545327 001101 110100
-0.27531157875603385 010101 101100
-0.5506231575099197 011100 100101
-0.5506231575105638 100101 011100
-0.27531157875566725 101100 010101
0.2753115787542047 110100 001101
-0.11267124820373622 111000 000111
State 250
dE =  582.1873896110066
0.12461495693907762 010011 100110
-0.4094483493584061 100101 110010
0.12461495693906834 100110 010011
0.11945765450508991 100110 101001
-0.5018371104151594 100110 110001
0.11945765450506861 101001 100110
-0.5018371104152088 110001 100110
-0.40944834935836333 110010 100101
State 251
dE =  582.1873896110069
0.1246149569390819 001011 100110
-0.4094483493584198 100101 101010
0.12461495693906036 100110 001011
-0.5018371104151175 100110 101001
-0.11945765450507209 100110 110001
-0.5018371104152175 101001 100110
-0.40944834935838154 101010 100101
-0.1194576545050902 110001 100110
State 252
dE =  582.2421251244667
-0.4600462791632671 001101 101100
-0.4600462791630552 010101 110100
0.1519578088974792 011001 111000
-0.10659612874359119 100101 100110
0.10659612874359267 100110 100101
-0.11579969106296892 101001 101010
0.11579969106294043 101010 101001
0.4600462791631571 101100 001101
-0.11579969106290339 110001 110010
0.11579969106292788 110010 110001
0.4600462791631597 110100 010101
-0.15195780889747834 111000 011001
State 253
dE =  582.6014603301683
-0.40240538001640835 010101 111000
0.402405380016397 011001 110100
-0.4024053800163781 011100 110001
-0.4024053800163877 110001 011100
0.40240538001640813 110100 011001
-0.40240538001638826 111000 010101
State 254
dE =  582.6014603301685
-0.40240538001639775 001101 111000
0.40240538001636733 011001 101100
-0.40240538001644044 011100 101001
-0.4024053800163796 101001 011100
0.40240538001636783 101100 011001
-0.40240538001641446 111000 001101
State 255
dE =  582.762091191127
0.4634396877760363 001101 101100
0.4634396877759398 010101 110100
-0.15201848429660086 011001 111000
0.11256936675189738 100101 100110
0.11256936675189923 100110 100101
0.46343968777603733 101100 001101
0.46343968777594313 110100 010101
-0.15201848429660328 111000 011001
State 256
dE =  582.7850111629791
0.15618922621968662 001101 110100
-0.15618922621971712 010101 101100
0.15618922621972336 011100 100101
0.35070387995958163 100011 111000
0.15618922621971423 100101 011100
-0.3507038799595936 101001 110010
0.35070387995956 101010 110001
-0.15618922621966494 101100 010101
0.350703879959575 110001 101010
-0.3507038799595708 110010 101001
0.15618922621964132 110100 001101
0.3507038799595532 111000 100011
State 257
dE =  583.6467473107142
-0.4221225294636016 010101 111000
0.35502687678142036 011001 110100
0.326444249585981 011100 110001
-0.12413523032972401 100011 101010
0.1926561180276528 100011 101100
0.1241352303298221 101010 100011
-0.1926561180277901 101100 100011
-0.3264442495859976 110001 011100
-0.35502687678145356 110100 011001
0.4221225294635898 111000 010101
State 258
dE =  583.6467473107144
-0.422122529463674 001101 111000
0.3550268767814077 011001 101100
0.32644424958612667 011100 101001
0.1241352303296435 100011 110010
-0.19265611802758945 100011 110100
-0.3264442495861261 101001 011100
-0.35502687678139117 101100 011001
-0.12413523032965561 110010 100011
0.1926561180275918 110100 100011
0.42212252946364004 111000 001101
State 259
dE =  583.7623535760525
0.1089475388507823 001101 111000
-0.22584717667329204 011100 101001
0.1536580588608471 011100 110001
0.18039101499362326 100011 101010
-0.21882719863853678 100011 101100
0.2651393733301296 100011 110010
-0.3216330165704395 100011 110100
-0.16935074990526708 100101 101010
-0.24891235134112863 100101 110010
-0.1220569566754974 100110 101001
-0.17939976115045922 100110 110001
0.22584717667330204 101001 011100
0.12205695667551647 101001 100110
-0.18039101499356133 101010 100011
0.16935074990519644 101010 100101
0.21882719863847427 101100 100011
-0.15365805886086306 110001 011100
0.17939976115038875 110001 100110
-0.26513937333020027 110010 100011
0.24891235134116782 110010 100101
0.3216330165705658 110100 100011
-0.10894753885072823 111000 001101
State 260
dE =  583.7623535760526
-0.10894753885097477 010101 111000
0.1536580588608242 011100 101001
0.22584717667347354 011100 110001
0.2651393733301591 100011 101010
-0.32163301657046584 100011 101100
-0.1803910149937074 100011 110010
0.2188271986386836 100011 110100
-0.24891235134115916 100101 101010
0.16935074990531987 100101 110010
-0.17939976115036643 100110 101001
0.12205695667542006 100110 110001
-0.153658058860901 101001 011100
0.17939976115043058 101001 100110
-0.26513937333002874 101010 100011
0.24891235134105835 101010 100101
0.3216330165703117 101100 100011
-0.2258471766734787 110001 011100
-0.12205695667554864 110001 100110
0.18039101499347643 110010 100011
-0.1693507499051186 110010 100101
-0.21882719863836766 110100 100011
0.10894753885101754 111000 010101
State 261
dE =  583.8958188303778
-0.2330201687377548 100011 101010
0.3256362425167956 100011 101100
0.2518427330653159 100011 110010
-0.3519400133678615 100011 110100
0.19332981194406454 100101 101010
-0.20894632634908478 100101 110010
-0.132306430572812 100110 101001
0.14299368701881232 100110 110001
-0.13230643057268138 101001 100110
-0.2330201687379393 101010 100011
0.19332981194427074 101010 100101
0.32563624251702133 101100 100011
0.14299368701878584 110001 100110
0.25184273306537563 110010 100011
-0.20894632634913823 110010 100101
-0.3519400133679595 110100 100011
State 262
dE =  583.895818830378
0.2518427330653752 100011 101010
-0.35194001336795494 100011 101100
0.23302016873783923 100011 110010
-0.32563624251690226 100011 110100
-0.2089463263491447 100101 101010
-0.19332981194413823 100101 110010
0.14299368701877221 100110 101001
0.13230643057277627 100110 110001
0.14299368701882553 101001 100110
0.25184273306530186 101010 100011
-0.20894632634907764 101010 100101
-0.3519400133678727 101100 100011
0.1323064305727562 110001 100110
0.23302016873784986 110010 100011
-0.19332981194415502 110010 100101
-0.3256362425169215 110100 100011
State 263
dE =  584.2067281427297
-0.115500172468473 001101 110100
0.11550017246846625 010101 101100
0.15118797215566931 011100 100101
-0.4235818635779227 100011 111000
-0.1511879721556461 100101 011100
0.32862632317509316 101001 110010
0.32862632317510326 101010 110001
-0.11550017246847503 101100 010101
-0.32862632317509116 110001 101010
-0.3286263231751113 110010 101001
0.1155001724684709 110100 001101
0.423581863577964 111000 100011
State 264
dE =  585.1101313361078
0.10541020543326132 010101 111000
0.17548859831862962 011001 101100
0.5346367302358737 011001 110100
-0.11190195306289732 011100 101001
-0.34091613281874455 011100 110001
-0.10095986730703953 100011 101100
0.11190195306292845 101001 011100
-0.17548859831861546 101100 011001
0.10095986730708768 101100 100011
0.340916132818748 110001 011100
-0.5346367302358644 110100 011001
-0.10541020543326694 111000 010101
State 265
dE =  585.1101313361083
0.10541020543323697 001101 111000
0.534636730235863 011001 101100
-0.1754885983185786 011001 110100
-0.3409161328187478 011100 101001
0.11190195306295003 011100 110001
0.10095986730705304 100011 110100
0.3409161328187187 101001 011100
-0.534636730235913 101100 011001
-0.11190195306290372 110001 011100
0.17548859831862795 110100 011001
-0.10095986730706395 110100 100011
-0.10541020543321027 111000 001101
State 266
dE =  585.8512315586954
0.10535492521122354 001011 110010
0.13103346657706696 001101 110100
0.10535492521120997 010011 101010
0.13103346657705256 010101 101100
-0.4563204625385382 101001 110010
-0.10535492521119992 101010 010011
0.4563204625384727 101010 110001
-0.1310334665770433 101100 010101
-0.4563204625385169 110001 101010
-0.10535492521120113 110010 001011
0.4563204625384679 110010 101001
-0.13103346657703788 110100 001101
State 267
dE =  585.8512315586961
-0.10535492521120501 001011 101010
-0.13103346657704898 001101 101100
0.10535492521121431 010011 110010
0.13103346657704898 010101 110100
0.45632046253847847 101001 101010
0.10535492521120574 101010 001011
-0.4563204625384722 101010 101001
0.1310334665770539 101100 001101
-0.4563204625385286 110001 110010
-0.10535492521121237 110010 010011
0.45632046253851427 110010 110001
-0.1310334665770569 110100 010101
State 268
dE =  585.9798351656108
-0.14618514275954056 001101 111000
-0.11064604823964783 010101 111000
-0.44188396598270785 011001 101100
-0.3344574810647246 011001 110100
-0.29569882322316343 011100 101001
-0.22381143282511537 011100 110001
-0.29569882322310537 101001 011100
-0.44188396598268015 101100 011001
-0.22381143282509858 110001 011100
-0.33445748106472745 110100 011001
-0.14618514275948902 111000 001101
-0.11064604823964043 111000 010101
State 269
dE =  585.979835165611
-0.11064604823963708 001101 111000
0.1461851427595158 010101 111000
-0.3344574810647705 011001 101100
0.4418839659826881 011001 110100
-0.22381143282507734 011100 101001
0.2956988232231458 011100 110001
-0.22381143282511015 101001 011100
-0.3344574810647164 101100 011001
0.29569882322316643 110001 011100
0.44188396598265883 110100 011001
-0.11064604823959172 111000 001101
0.14618514275953812 111000 010101
State 270
dE =  587.1736883670475
0.10644849396522031 001011 101010
0.13776525111254467 001101 101100
0.10644849396526017 010011 110010
0.1377652511125526 010101 110100
-0.4488061610097627 101001 101010
-0.10644849396527122 101010 001011
0.4488061610099757 101010 101001
-0.13776525111258756 101100 001101
-0.44880616100993603 110001 110010
-0.10644849396520935 110010 010011
0.44880616100972265 110010 110001
-0.13776525111251303 110100 010101
State 271
dE =  587.345419217338
0.11176445186072671 001011 110010
0.1014831802209923 001101 110100
0.11176445186069667 010011 101010
0.10148318022097574 010101 101100
-0.12588278391646868 101001 101010
-0.4472776618230887 101001 110010
0.11176445186071932 101010 010011
-0.12588278391650642 101010 101001
-0.44727766182309703 101010 110001
0.101483180220984 101100 010101
-0.44727766182300766 110001 101010
0.12588278391650848 110001 110010
0.11176445186073078 110010 001011
-0.44727766182312045 110010 101001
0.12588278391646207 110010 110001
0.10148318022098775 110100 001101
State 272
dE =  587.3454192173383
0.11176445186074119 001011 101010
0.10148318022101235 001101 101100
-0.11176445186068952 010011 110010
-0.10148318022093222 010101 110100
-0.4472776618231806 101001 101010
0.12588278391648253 101001 110010
0.11176445186069205 101010 001011
-0.44727766182297335 101010 101001
0.12588278391648564 101010 110001
0.10148318022093633 101100 001101
0.1258827839164882 110001 101010
0.4472776618229675 110001 110010
-0.11176445186074678 110010 010011
0.12588278391648886 110010 101001
0.4472776618232018 110010 110001
-0.10148318022100722 110100 010101
State 273
dE =  588.0564551899873
0.11576201687379181 001101 011100
0.42022804098568217 001101 111000
-0.27668377003435607 010101 111000
0.15720838379566726 011001 101100
-0.1035081052838353 011001 110100
-0.11576201687385564 011100 001101
0.32926961454865084 011100 101001
-0.21679552391858214 011100 110001
-0.32926961454850745 101001 011100
-0.15720838379575408 101100 011001
0.21679552391919654 110001 011100
0.1035081052836247 110100 011001
-0.42022804098594524 111000 001101
0.2766837700335235 111000 010101
State 274
dE =  588.0564551899874
0.2766837700331682 001101 111000
0.1157620168738058 010101 011100
0.42022804098574507 010101 111000
0.1035081052835407 011001 101100
0.15720838379569002 011001 110100
-0.11576201687384467 011100 010101
0.21679552391944457 011100 101001
0.3292696145486209 011100 110001
-0.21679552391831006 101001 011100
-0.10350810528394239 101100 011001
-0.3292696145485528 110001 011100
-0.15720838379571017 110100 011001
-0.2766837700347197 111000 001101
-0.42022804098587235 111000 010101
State 275
dE =  588.2376694510372
0.18006107559136314 001101 111000
-0.1308423383405904 010101 011100
-0.4859133791670642 010101 111000
-0.11144920993629455 011001 110100
-0.1308423383407883 011100 010101
-0.13876222383053574 011100 101001
0.37446416923127773 011100 110001
-0.1387622238302889 101001 011100
0.3744641692307355 110001 011100
-0.11144920993656625 110100 011001
0.18006107559170095 111000 001101
-0.48591337916779553 111000 010101
State 276
dE =  588.2376694510377
-0.13084233834085396 001101 011100
-0.48591337916801786 001101 111000
-0.18006107559197682 010101 111000
-0.11144920993665033 011001 101100
-0.1308423383405266 011100 001101
0.3744641692305307 011100 101001
0.13876222383007292 011100 110001
0.37446416923149384 101001 011100
-0.11144920993620479 101100 011001
0.13876222383078501 110001 011100
-0.4859133791668409 111000 001101
-0.18006107559106707 111000 010101
State 277
dE =  588.3853242727586
-0.1456056135314869 011010 100011
-0.14560561353308524 100011 011010
-0.5423087397335205 100011 111000
-0.2711543698670927 101001 110010
0.27115436986347646 101010 110001
0.27115436986723224 110001 101010
-0.27115436986340496 110010 101001
-0.5423087397276897 111000 100011
State 278
dE =  588.3970113098306
-0.13451980776847397 011010 100011
0.13451980776674782 100011 011010
0.49032168219675976 100011 111000
0.3147014280844551 101001 110010
0.31470142808769935 101010 110001
-0.31470142808452295 110001 101010
-0.3147014280877168 110010 101001
-0.4903216822031913 111000 100011
State 279
dE =  588.6881116277458
0.11754684420005361 001011 101010
0.11583312291582146 001101 101100
0.11754684420005095 010011 110010
0.11583312291581487 010101 110100
-0.45540554552736767 101001 101010
0.1175468442000527 101010 001011
-0.45540554552736484 101010 101001
0.11583312291581885 101100 001101
-0.4554055455273593 110001 110010
0.11754684420005247 110010 010011
-0.4554055455273631 110010 110001
0.11583312291581573 110100 010101
State 280
dE =  590.8370578127491
-0.3877315259865759 100101 101100
-0.5464211720763867 100101 110100
0.38773152598618393 101100 100101
0.5464211720755955 110100 100101
State 281
dE =  590.8370578127494
0.5464211720758385 100101 101100
-0.38773152598604244 100101 110100
-0.5464211720761353 101100 100101
0.38773152598671967 110100 100101
State 282
dE =  591.122710324228
0.28282976726328024 100101 101100
-0.6089473730271209 100101 110100
0.28282976726234604 101100 100101
-0.6089473730271692 110100 100101
State 283
dE =  591.1227103242283
-0.6089473730269195 100101 101100
-0.2828297672625362 100101 110100
-0.6089473730273675 101100 100101
-0.2828297672630883 110100 100101
State 284
dE =  591.6194065712044
-0.6777459558974844 011001 111000
0.6777459558977242 111000 011001
State 285
dE =  591.9313675153074
0.677832570106126 011001 111000
0.6778325701058853 111000 011001
State 286
dE =  591.985841874414
0.38373284554347725 100101 111000
-0.3837328455434689 101001 110100
0.3837328455434939 101100 110001
0.3837328455434748 110001 101100
-0.383732845543492 110100 101001
0.3837328455434976 111000 100101
State 287
dE =  592.9457559404315
0.4394881229252561 100101 111000
-0.3570324968368035 101001 110100
-0.3570324968368246 101100 110001
0.3570324968368499 110001 101100
0.35703249683678984 110100 101001
-0.43948812292523076 111000 100101
State 288
dE =  594.2067857159325
0.38603539197648246 101001 101100
0.28184503115944837 101001 110100
-0.3860353919764921 101100 101001
-0.2818450311594447 101100 110001
0.2818450311593737 110001 101100
-0.38603539197649345 110001 110100
-0.28184503115946163 110100 101001
0.3860353919765048 110100 110001
State 289
dE =  594.2067857159326
-0.28184503115943266 101001 101100
0.38603539197641634 101001 110100
0.281845031159413 101100 101001
-0.3860353919765653 101100 110001
0.3860353919764259 110001 101100
0.2818450311594509 110001 110100
-0.3860353919765656 110100 101001
-0.2818450311594325 110100 110001
State 290
dE =  595.0711468477882
-0.4760218480337148 101001 101100
-0.4760218480338123 101100 101001
0.4760218480338431 110001 110100
0.47602184803373476 110100 110001
State 291
dE =  595.0711468477882
-0.4760218480338331 101001 110100
-0.4760218480336815 101100 110001
-0.4760218480338608 110001 101100
-0.47602184803372966 110100 101001
State 292
dE =  595.6491373153824
-0.5158277123745931 100101 111000
-0.3174439755565919 101001 110100
-0.3174439755568748 101100 110001
0.3174439755565189 110001 101100
0.31744397555681964 110100 101001
0.5158277123751844 111000 100101
State 293
dE =  595.6852305259382
0.4729604603614046 101001 101100
-0.4729604603613025 101100 101001
0.47296046036128636 110001 110100
-0.4729604603613796 110100 110001
State 294
dE =  595.7264405486006
-0.10807041267909463 011010 100101
-0.10807041267919777 100101 011010
-0.5593642150527377 100101 111000
-0.2796821075263907 101001 110100
0.27968210752606526 101100 110001
0.27968210752642214 110001 101100
-0.27968210752607264 110100 101001
-0.5593642150521998 111000 100101
State 295
dE =  596.5226488966432
-0.47762963175105905 101001 101100
-0.47762963175106427 101100 101001
-0.4776296317510341 110001 110100
-0.4776296317510376 110100 110001
State 296
dE =  600.376246421984
-0.468309502715477 101001 111000
-0.4841674571760159 110001 111000
0.46830950271537947 111000 101001
0.4841674571765711 111000 110001
State 297
dE =  600.3762464219841
0.4841674571762289 101001 111000
-0.46830950271544924 110001 111000
-0.4841674571763581 111000 101001
0.46830950271540683 111000 110001
State 298
dE =  600.7246527859306
0.117444197059024 001011 111000
-0.12331747084795945 011010 101001
-0.12331747084797212 101001 011010
-0.671763752007594 101001 111000
0.11744419705901371 111000 001011
-0.6717637520075385 111000 101001
State 299
dE =  600.7246527859312
-0.11744419705905093 010011 111000
0.12331747084793292 011010 110001
0.1233174708480021 110001 011010
0.6717637520077536 110001 111000
-0.11744419705898555 111000 010011
0.6717637520073778 111000 110001
State 300
dE =  801.2256724636924
0.6771675528432483 001110 010110
-0.12890165719672825 001110 110100
-0.6771675528432692 010110 001110
0.12890165719673224 010110 101100
-0.128901657196728 101100 010110
0.12890165719673205 110100 001110
State 301
dE =  802.4207821557944
-0.673219156554997 001110 001110
0.12960906991742563 001110 101100
0.6732191565550627 010110 010110
-0.1296090699174386 010110 110100
0.1296090699174258 101100 001110
-0.1296090699174376 110100 010110
State 302
dE =  802.4207821557947
0.67321915655504 001110 010110
-0.1296090699174365 001110 110100
0.6732191565550195 010110 001110
-0.1296090699174334 010110 101100
-0.12960906991743243 101100 010110
-0.1296090699174295 110100 001110
State 303
dE =  803.1464280245187
0.670693081159903 001110 001110
-0.13028632814825436 001110 101100
0.6706930811598373 010110 010110
-0.13028632814824118 010110 110100
-0.13028632814825383 101100 001110
-0.1302863281482411 110100 010110
State 304
dE =  806.575407752693
0.6627842474413767 001110 011010
-0.1478516776811918 001110 111000
-0.10247350755112891 010110 011010
-0.6627842474412352 011010 001110
0.10247350755115926 011010 010110
0.11290934623493214 011010 101100
-0.11290934623495273 101100 011010
0.1478516776811619 111000 001110
State 305
dE =  806.5754077526932
0.10247350755115231 001110 011010
0.6627842474413049 010110 011010
-0.14785167768117716 010110 111000
-0.10247350755113416 011010 001110
-0.6627842474413067 011010 010110
0.11290934623494152 011010 110100
-0.11290934623494206 110100 011010
0.14785167768117682 111000 010110
State 306
dE =  808.2447480286976
-0.20376377029891624 001110 011010
0.6219741045372129 010110 011010
0.17233977945193543 010110 011100
-0.12962446328209568 010110 111000
-0.20376377029893172 011010 001110
0.6219741045372076 011010 010110
-0.1030973531559287 011010 110100
0.17233977945193218 011100 010110
-0.10309735315592973 110100 011010
-0.1296244632820947 111000 010110
State 307
dE =  808.244748028698
0.6219741045371383 001110 011010
0.17233977945191922 001110 011100
-0.12962446328207802 001110 111000
0.20376377029892578 010110 011010
0.6219741045372831 011010 001110
0.20376377029892204 011010 010110
-0.10309735315594379 011010 101100
0.17233977945194484 011100 001110
-0.1030973531559145 101100 011010
-0.12962446328211055 111000 001110
State 308
dE =  811.9756564822322
-0.6678434854059037 010110 100110
0.667843485405749 100110 010110
-0.11126454835200425 100110 110010
-0.17171811261238362 100110 110100
0.11126454835202776 110010 100110
0.17171811261242703 110100 100110
State 309
dE =  811.9756564822325
0.6678434854058318 001110 100110
-0.667843485405821 100110 001110
0.11126454835201642 100110 101010
0.17171811261240658 100110 101100
-0.11126454835201628 101010 100110
-0.1717181126124075 101100 100110
State 310
dE =  812.4706325440272
-0.6098599167300046 001110 100110
-0.2678038985071237 010110 100110
-0.6098599167300126 100110 001110
-0.2678038985071395 100110 010110
0.17665807006403209 100110 101100
0.17665807006402892 101100 100110
State 311
dE =  812.4706325440275
-0.267803898507125 001110 100110
0.6098599167299268 010110 100110
-0.267803898507137 100110 001110
0.6098599167300877 100110 010110
-0.1766580700640519 100110 110100
-0.17665807006401182 110100 100110
State 312
dE =  814.3389292245581
0.3876390886459507 001110 110010
-0.38763908864595026 010110 101010
0.38763908864594665 011010 100110
0.3876390886459633 100110 011010
-0.38763908864595864 101010 010110
0.387639088645953 110010 001110
State 313
dE =  815.0422524730974
0.9075012587134054 011010 011010
0.2365405286039908 011010 011100
-0.16049579772762823 011010 111000
0.23654052860398936 011100 011010
-0.16049579772762815 111000 011010
State 314
dE =  815.9759626195206
0.1571793846252659 001110 110010
-0.1571793846252627 010110 101010
0.6149789887090042 011010 100110
0.18518844397249035 011100 100110
-0.6149789887090037 100110 011010
-0.18518844397248388 100110 011100
0.1685505993955132 100110 111000
0.1571793846252452 101010 010110
-0.15717938462525652 110010 001110
-0.16855059939551323 111000 100110
State 315
dE =  816.4231432163579
-0.5267821181894545 001110 011100
-0.42055331753789216 010110 011100
0.5267821181894687 011100 001110
0.4205533175379148 011100 010110
State 316
dE =  816.4231432163581
-0.42055331753790265 001110 011100
0.5267821181894498 010110 011100
0.4205533175379033 011100 001110
-0.5267821181894703 011100 010110
State 317
dE =  816.520793174928
-0.4645423211106505 001110 101010
-0.13896115676134468 001110 101100
0.4645423211107109 010110 110010
0.13896115676135856 010110 110100
0.46454232111065713 101010 001110
-0.11568654052736582 101010 101100
0.13896115676134382 101100 001110
0.11568654052736282 101100 101010
-0.4645423211107177 110010 010110
0.11568654052738112 110010 110100
-0.13896115676135748 110100 010110
-0.1156865405273785 110100 110010
State 318
dE =  816.5207931749283
-0.4645423211106809 001110 110010
-0.13896115676135778 001110 110100
-0.46454232111067745 010110 101010
-0.13896115676135481 010110 101100
0.4645423211106779 101010 010110
-0.11568654052737058 101010 110100
0.13896115676135515 101100 010110
0.11568654052737275 101100 110010
0.46454232111069393 110010 001110
-0.11568654052737493 110010 101100
0.138961156761355 110100 001110
0.11568654052736999 110100 101010
State 319
dE =  817.1837434431001
-0.2589014427254843 001110 110010
-0.10700050899920023 001110 110100
0.25890144272548493 010110 101010
0.1070005089991978 010110 101100
0.517802885450967 011010 100110
0.21400101799838853 011100 100110
0.5178028854509562 100110 011010
0.2140010179983797 100110 011100
-0.13732646288099137 100110 111000
0.258901442725484 101010 010110
0.10700050899919503 101100 010110
-0.2589014427254709 110010 001110
-0.10700050899919261 110100 001110
-0.13732646288099357 111000 100110
State 320
dE =  817.2455215543916
-0.45538634856525656 001110 101010
-0.1429395552445437 001110 101100
-0.4553863485652354 010110 110010
-0.14293955524452984 010110 110100
0.11460258044191235 011010 011100
-0.11460258044191478 011100 011010
0.45538634856528876 101010 001110
-0.11456808910909042 101010 101100
0.14293955524454638 101100 001110
0.11456808910908542 101100 101010
0.4553863485651891 110010 010110
-0.1145680891090691 110010 110100
0.1429395552445229 110100 010110
0.11456808910907752 110100 110010
State 321
dE =  818.4181837028044
0.42894747833743824 001110 110010
-0.428947478337457 010110 101010
-0.1967776552706959 011010 100110
-0.17193063298072317 011100 100110
0.19677765527070928 100110 011010
0.17193063298072767 100110 011100
0.42894747833745234 101010 010110
-0.177204899561195 101010 110010
-0.1067319243335022 101010 110100
-0.10673192433349865 101100 110010
-0.42894747833745345 110010 001110
0.17720489956120136 110010 101010
0.106731924333503 110010 101100
0.1067319243335038 110100 101010
State 322
dE =  819.5336930044461
0.4511484736366956 001110 101010
-0.4511484736366795 010110 110010
0.45114847363664284 101010 001110
-0.1817040015321926 101010 101010
-0.1146385345835587 101010 101100
-0.1146385345835653 101100 101010
-0.45114847363671085 110010 010110
0.1817040015322027 110010 110010
0.1146385345835716 110010 110100
0.11463853458356538 110100 110010
State 323
dE =  819.5336930044463
0.451148473636692 001110 110010
0.4511484736366745 010110 101010
0.4511484736366831 101010 010110
-0.18170400153219912 101010 110010
-0.11463853458356726 101010 110100
-0.11463853458356969 101100 110010
0.451148473636677 110010 001110
-0.18170400153219454 110010 101010
-0.11463853458356692 110010 101100
-0.11463853458356413 110100 101010
State 324
dE =  820.004516412288
-0.13315471821512592 001110 011010
0.622172351014702 001110 011100
0.16953294487853218 010110 011100
-0.13315471821512273 011010 001110
0.18634903530179273 011010 101010
0.6221723510146857 011100 001110
0.16953294487851364 011100 010110
-0.10121627390659799 011100 101100
0.18634903530178407 101010 011010
-0.10121627390660316 101100 011100
State 325
dE =  820.0045164122882
0.16953294487852338 001110 011100
0.13315471821512542 010110 011010
-0.622172351014705 010110 011100
0.13315471821512487 011010 010110
-0.18634903530178537 011010 110010
0.16953294487852458 011100 001110
-0.6221723510146813 011100 010110
0.10121627390659675 011100 110100
-0.18634903530179084 110010 011010
0.10121627390660207 110100 011100
State 326
dE =  820.3880479071738
-0.458062550521361 001110 101010
-0.45806255052133654 010110 110010
-0.4580625505213688 101010 001110
0.18332681296789793 101010 101010
0.11615550198767267 101010 101100
0.11615550198767 101100 101010
-0.4580625505213434 110010 010110
0.1833268129678871 110010 110010
0.1161555019876659 110010 110100
0.11615550198766421 110100 110010
State 327
dE =  822.2666162667526
-0.6877307279130762 011010 011100
0.6877307279130956 011100 011010
-0.11906626557182097 011100 111000
0.11906626557181603 111000 011100
State 328
dE =  823.2486548341211
0.39520383556120214 001110 110100
-0.39520383556114325 010110 101100
0.39520383556115685 011100 100110
0.3952038355611368 100110 011100
-0.395203835561155 101100 010110
0.3952038355611258 110100 001110
State 329
dE =  824.3004539689948
0.10047907780120469 001110 011010
-0.11130847504710133 001110 011100
-0.10047907780121 011010 001110
-0.5826458697748487 011010 101010
-0.118555240361088 011010 101100
-0.16538158149394933 011010 110010
0.11130847504711251 011100 001110
-0.26302951551566256 011100 101010
0.5826458697748504 101010 011010
0.26302951551566545 101010 011100
-0.12335844655512021 101010 111000
0.11855524036108546 101100 011010
0.16538158149403553 110010 011010
0.12335844655512207 111000 101010
State 330
dE =  824.3004539689949
-0.10047907780120983 010110 011010
0.11130847504711885 010110 011100
0.10047907780120309 011010 010110
-0.16538158149407367 011010 101010
0.5826458697748326 011010 110010
0.11855524036109083 011010 110100
-0.11130847504710817 011100 010110
0.26302951551564974 011100 110010
0.16538158149390897 101010 011010
-0.582645869774864 110010 011010
-0.26302951551567494 110010 011100
0.12335844655512457 110010 111000
-0.11855524036108543 110100 011010
-0.12335844655511677 111000 110010
State 331
dE =  824.8443994164741
0.11095506830677328 001110 011010
-0.18118375332076536 001110 011100
-0.10446315999856169 001110 111000
0.11095506830677268 011010 001110
0.56894021008762 011010 101010
0.1314255681481203 011010 101100
0.13672524348297393 011010 110010
-0.18118375332075898 011100 001110
0.23588872814668063 011100 101010
0.5689402100876526 101010 011010
0.23588872814670034 101010 011100
-0.13598897384017133 101010 111000
0.13142556814812617 101100 011010
0.136725243482806 110010 011010
-0.10446315999855633 111000 001110
-0.13598897384016626 111000 101010
State 332
dE =  824.8443994164744
-0.11095506830677095 010110 011010
0.181183753320767 010110 011100
0.10446315999856778 010110 111000
-0.11095506830677405 011010 010110
0.13672524348284593 011010 101010
-0.568940210087643 011010 110010
-0.13142556814813314 011010 110100
0.18118375332075803 011100 010110
-0.2358887281466871 011100 110010
0.13672524348293524 101010 011010
-0.5689402100876279 110010 011010
-0.23588872814668077 110010 011100
0.13598897384016717 110010 111000
-0.13142556814812098 110100 011010
0.10446315999856631 111000 010110
0.13598897384016967 111000 110010
State 333
dE =  825.1676542833819
0.1283382974731477 001110 010110
0.36056795900371813 001110 110100
-0.1283382974731398 010110 001110
-0.3605679590037092 010110 101100
0.41301688149946697 011100 100110
-0.4130168814995253 100110 011100
0.3605679590037471 101100 010110
-0.18228077007691842 101100 110100
-0.36056795900371547 110100 001110
0.182280770076911 110100 101100
State 334
dE =  825.7087135376082
-0.2708511009192729 011010 011010
0.6246939955486343 011010 011100
0.15872861774110922 011010 111000
0.624693995548613 011100 011010
-0.15733517489248908 011100 111000
0.15872861774110678 111000 011010
-0.15733517489249343 111000 011100
State 335
dE =  826.6469657139011
0.11825079180529503 001110 110010
-0.4757259856600469 001110 110100
0.11825079180529421 010110 101010
-0.4757259856600622 010110 101100
-0.11825079180528308 101010 010110
0.4757259856599468 101100 010110
-0.11825079180528283 110010 001110
0.47572598565998003 110100 001110
State 336
dE =  826.6469657139012
0.11825079180528722 001110 101010
-0.475725985660021 001110 101100
-0.1182507918052827 010110 110010
0.47572598566001195 010110 110100
-0.11825079180528532 101010 001110
0.47572598566001073 101100 001110
0.11825079180528428 110010 010110
-0.4757259856599984 110100 010110
State 337
dE =  826.9856235573652
-0.20079574502749964 001110 101100
-0.20079574502750025 010110 110100
0.8865788724989485 100110 100110
-0.20079574502745273 101100 001110
-0.2007957450274561 110100 010110
State 338
dE =  827.66322411052
0.12789431617154737 001110 101010
-0.4701993286901367 001110 101100
0.12789431617154776 010110 110010
-0.47019932869021075 010110 110100
-0.12789431617154573 101010 001110
0.47019932869019865 101100 001110
-0.12789431617154015 110010 010110
0.47019932869014747 110100 010110
State 339
dE =  827.9154922245446
0.13542449631089257 001110 111000
-0.3849641188634734 010110 111000
-0.13542449631089312 011010 101100
0.3849641188634717 011010 110100
0.1354244963108914 011100 101010
-0.3849641188634742 011100 110010
0.13542449631087708 101010 011100
-0.13542449631087228 101100 011010
-0.3849641188634699 110010 011100
0.38496411886346743 110100 011010
0.13542449631088144 111000 001110
-0.38496411886346826 111000 010110
State 340
dE =  827.9154922245449
-0.3849641188634768 001110 111000
-0.1354244963108793 010110 111000
0.3849641188635019 011010 101100
0.13542449631088604 011010 110100
-0.3849641188634774 011100 101010
-0.1354244963108836 011100 110010
-0.3849641188634598 101010 011100
0.38496411886345183 101100 011010
-0.1354244963108873 110010 011100
0.13542449631089065 110100 011010
-0.3849641188634586 111000 001110
-0.13542449631088205 111000 010110
State 341
dE =  828.054885495031
-0.1560065399858045 001110 010110
0.20736229698290945 001110 101100
-0.4007376449515713 001110 110100
-0.15600653998580372 010110 001110
-0.4007376449515759 010110 101100
-0.20736229698289882 010110 110100
0.2073622969829051 101100 001110
-0.4007376449516536 101100 010110
-0.1000380107568235 101100 101100
0.19332828300815702 101100 110100
-0.4007376449516517 110100 001110
-0.20736229698292474 110100 010110
0.193328283008159 110100 101100
0.10003801075682645 110100 110100
State 342
dE =  828.0548854950313
-0.15600653998580263 001110 001110
-0.4007376449516381 001110 101100
-0.20736229698287592 001110 110100
0.15600653998580394 010110 010110
-0.20736229698288697 010110 101100
0.40073764495157943 010110 110100
-0.4007376449515837 101100 001110
-0.20736229698293976 101100 010110
0.1933282830081575 101100 101100
0.10003801075682198 101100 110100
-0.2073622969829392 110100 001110
0.4007376449516502 110100 010110
0.10003801075682466 110100 101100
-0.19332828300815982 110100 110100
State 343
dE =  829.3796965335905
0.153877747328271 001110 001110
0.3883038248197539 001110 101100
0.1538777473282677 010110 010110
0.3883038248197454 010110 110100
0.1135430054021577 011100 011100
0.4389240732998004 100110 100110
0.38830382481977777 101100 001110
-0.21275494953661922 101100 101100
0.38830382481977194 110100 010110
-0.21275494953661586 110100 110100
State 344
dE =  829.7931548550827
-0.12163648550879495 001110 010110
-0.27262158004000403 001110 110100
0.1216364855088038 010110 001110
0.2726215800400228 010110 101100
-0.17905538239052834 011010 100110
0.506159654137984 011100 100110
0.17905538239045052 100110 011010
-0.5061596541377714 100110 011100
-0.11786105000499662 100110 111000
-0.10760165394089578 101010 110010
-0.2726215800399105 101100 010110
0.11690313843162747 101100 110100
0.10760165394090539 110010 101010
0.2726215800399293 110100 001110
-0.11690313843163755 110100 101100
0.11786105000504994 111000 100110
State 345
dE =  830.1798789670833
0.2657834883398298 001110 110100
-0.26578348833986387 010110 101100
0.186635690885028 011010 100110
-0.5315669766797464 011100 100110
0.18663569088508428 100110 011010
-0.5315669766799163 100110 011100
-0.1249405922279894 100110 111000
-0.26578348833996224 101100 010110
0.2657834883399734 110100 001110
-0.12494059222795058 111000 100110
State 346
dE =  830.6428445760671
0.10344452078059671 001110 011010
-0.10344452078060899 011010 001110
-0.4883497157755428 011010 101100
0.27905219935196923 011100 101010
0.339478387806262 100110 110010
0.11156896630852439 100110 110100
-0.2790521993520181 101010 011100
0.48834971577556563 101100 011010
-0.12404358768408744 101100 111000
-0.33947838780627143 110010 100110
-0.11156896630852965 110100 100110
0.12404358768409551 111000 101100
State 347
dE =  830.6428445760672
-0.10344452078059853 010110 011010
0.10344452078059801 011010 010110
0.4883497157756032 011010 110100
-0.2790521993520107 011100 110010
0.33947838780620326 100110 101010
0.11156896630850872 100110 101100
-0.33947838780620865 101010 100110
-0.11156896630851085 101100 100110
0.2790521993520154 110010 011100
-0.488349715775596 110100 011010
0.12404358768409403 110100 111000
-0.12404358768409683 111000 110100
State 348
dE =  831.4874274491848
-0.12504710312172918 001110 100110
-0.14083012118834817 010110 111000
0.11596536411911688 011010 101100
-0.28490991664379023 011010 110100
0.1928886548957035 011100 110010
0.12504710312173195 100110 001110
0.4898622911074182 100110 101010
0.1619221692256511 100110 101100
0.1993860362098959 100110 110010
-0.48986229110740803 101010 100110
-0.1159653641191309 101100 011010
-0.16192216922564667 101100 100110
-0.19288865489570525 110010 011100
-0.19938603620993303 110010 100110
0.28490991664378246 110100 011010
0.1408301211883432 111000 010110
State 349
dE =  831.4874274491849
0.1408301211883248 001110 111000
-0.12504710312171033 010110 100110
0.2849099166438896 011010 101100
0.115965364119151 011010 110100
-0.1928886548957488 011100 101010
0.12504710312172168 100110 010110
-0.1993860362098884 100110 101010
0.48986229110738194 100110 110010
0.16192216922563774 100110 110100
0.192888654895759 101010 011100
0.19938603620989195 101010 100110
-0.28490991664385834 101100 011010
-0.48986229110733176 110010 100110
-0.11596536411915932 110100 011010
-0.1619221692256167 110100 100110
-0.14083012118830587 111000 001110
State 350
dE =  832.3997289380187
-0.1415264059911102 001110 111000
-0.14954881141981802 010110 100110
-0.1682400270952171 011010 101100
-0.14954881141981244 100110 010110
0.19010472774937462 100110 101010
-0.5572803021973673 100110 110010
-0.23806791225330298 100110 110100
0.19010472774942525 101010 100110
-0.16824002709524535 101100 011010
-0.5572803021973927 110010 100110
-0.23806791225331458 110100 100110
-0.1415264059910834 111000 001110
State 351
dE =  832.3997289380188
0.14954881141981083 001110 100110
-0.1415264059910906 010110 111000
-0.16824002709522712 011010 110100
0.14954881141981546 100110 001110
0.5572803021973878 100110 101010
0.23806791225331494 100110 101100
0.19010472774938428 100110 110010
0.5572803021973801 101010 100110
0.23806791225331123 101100 100110
0.19010472774941814 110010 100110
-0.16824002709522667 110100 011010
-0.1415264059910796 111000 010110
State 352
dE =  833.3677726236763
0.23637582922305808 001110 111000
0.12635291632682674 010110 011010
0.5955878993563214 010110 111000
-0.12635291632682652 011010 010110
0.15198446791172826 100110 101010
-0.1519844679117336 101010 100110
-0.12781935886462034 110100 111000
-0.23637582922302383 111000 001110
-0.5955878993563233 111000 010110
0.12781935886462248 111000 110100
State 353
dE =  833.3677726236763
0.12635291632682738 001110 011010
0.5955878993563366 001110 111000
-0.2363758292230523 010110 111000
-0.12635291632681064 011010 001110
-0.15198446791176692 100110 110010
-0.12781935886462353 101100 111000
0.1519844679116994 110010 100110
-0.5955878993563051 111000 001110
0.23637582922303668 111000 010110
0.12781935886459594 111000 101100
State 354
dE =  834.0554590609753
0.1153351048488137 001110 011010
0.27574449569754494 001110 111000
0.11533510484883056 011010 001110
-0.14262369601061028 011010 101010
0.44386868338512714 011010 101100
0.14777892823270328 011010 110100
0.1681241876875786 011100 101010
0.13795585421366682 011100 101100
-0.19376357317716983 100110 110010
-0.14262369601058159 101010 011010
0.16812418768752252 101010 011100
0.44386868338513935 101100 011010
0.13795585421367013 101100 011100
-0.20246794951962474 101100 111000
-0.19376357317719334 110010 100110
0.14777892823270206 110100 011010
0.2757444956976378 111000 001110
-0.20246794951964722 111000 101100
State 355
dE =  834.0554590609757
0.11533510484882473 010110 011010
0.275744495697587 010110 111000
0.11533510484882388 011010 010110
-0.14777892823269967 011010 101100
-0.14262369601060035 011010 110010
0.4438686833851413 011010 110100
0.1681241876875586 011100 110010
0.1379558542136714 011100 110100
0.19376357317717016 100110 101010
0.1937635731771719 101010 100110
-0.1477789282327138 101100 011010
-0.14262369601059263 110010 011010
0.16812418768754298 110010 011100
0.4438686833851381 110100 011010
0.13795585421366796 110100 011100
-0.20246794951963562 110100 111000
0.2757444956975893 111000 010110
-0.2024679495196372 111000 110100
State 356
dE =  834.9717636107551
0.26810994118715936 011010 110010
-0.28827764287586055 011010 110100
-0.5285655333757925 011100 110010
-0.26810994118716674 110010 011010
0.528565533375804 110010 011100
0.17202460168582187 110010 111000
0.2882776428758877 110100 011010
-0.10545806664210508 110100 111000
-0.17202460168581746 111000 110010
0.10545806664209495 111000 110100
State 357
dE =  834.9717636107551
-0.26810994118715187 011010 101010
0.2882776428758445 011010 101100
0.5285655333757802 011100 101010
0.26810994118717635 101010 011010
-0.5285655333758082 101010 011100
-0.17202460168582223 101010 111000
-0.2882776428758991 101100 011010
0.1054580666421139 101100 111000
0.17202460168580877 111000 101010
-0.10545806664209688 111000 101100
State 358
dE =  837.093457015178
0.10512941803078098 001110 011010
0.3360671658237622 001110 111000
0.20994782209746848 010110 111000
0.10512941803078356 011010 001110
0.17326041392736555 011010 101010
0.10823921602276398 011010 110010
-0.4008555577031941 011100 101010
-0.2504224151418214 011100 110010
0.17326041392736108 101010 011010
-0.40085555770317477 101010 011100
-0.1808977154733171 101010 111000
0.10823921602275441 110010 011010
-0.25042241514178776 110010 011100
-0.11301038973246508 110010 111000
0.33606716582377355 111000 001110
0.20994782209747348 111000 010110
-0.18089771547332545 111000 101010
-0.11301038973247837 111000 110010
State 359
dE =  837.0934570151783
0.20994782209745932 001110 111000
-0.10512941803078196 010110 011010
-0.3360671658237657 010110 111000
-0.1051294180307833 011010 010110
0.108239216022764 011010 101010
-0.17326041392736288 011010 110010
-0.25042241514181474 011100 101010
0.40085555770318154 011100 110010
0.10823921602276079 101010 011010
-0.25042241514180047 101010 011100
-0.11301038973246978 101010 111000
-0.1732604139273661 110010 011010
0.4008555577031888 110010 011100
0.18089771547332195 110010 111000
0.20994782209747037 111000 001110
-0.33606716582376933 111000 010110
-0.11301038973247503 111000 101010
0.1808977154733199 111000 110010
State 360
dE =  837.2932874257692
-0.2519043050065467 011010 111000
0.9019120027345914 011100 011100
-0.10941990349989443 011100 111000
-0.25190430500654915 111000 011010
-0.10941990349989605 111000 011100
State 361
dE =  837.9392563926075
0.1792642756401124 001110 110010
-0.17926427564012387 010110 101010
0.17926427564011552 101010 010110
0.5458612822748835 101010 110010
0.24519171989248403 101010 110100
0.24519171989247976 101100 110010
-0.17926427564012234 110010 001110
-0.5458612822749139 110010 101010
-0.24519171989248903 110010 101100
-0.2451917198924926 110100 101010
State 362
dE =  839.2005342082551
-0.11322882066804987 001110 101010
-0.1359630193831436 001110 110010
-0.13596301938313998 010110 101010
0.11322882066806222 010110 110010
-0.11322882066806868 101010 001110
-0.13596301938314 101010 010110
-0.34899679453813015 101010 101010
-0.1634458092616783 101010 101100
-0.419068728796072 101010 110010
-0.1962626264375311 101010 110100
-0.16344580926166474 101100 101010
-0.19626262643754058 101100 110010
-0.13596301938314087 110010 001110
0.11322882066804801 110010 010110
-0.4190687287960643 110010 101010
-0.19626262643753134 110010 101100
0.3489967945381177 110010 110010
0.1634458092616662 110010 110100
-0.19626262643752912 110100 101010
0.16344580926166677 110100 110010
State 363
dE =  839.2005342082551
-0.13596301938314662 001110 101010
0.11322882066806148 001110 110010
0.11322882066805141 010110 101010
0.1359630193831403 010110 110010
-0.13596301938313646 101010 001110
0.11322882066806492 101010 010110
-0.41906872879606705 101010 101010
-0.1962626264375263 101010 101100
0.34899679453813875 101010 110010
0.16344580926168026 101010 110100
-0.19626262643754094 101100 101010
0.16344580926167118 101100 110010
0.11322882066805544 110010 001110
0.13596301938314428 110010 010110
0.34899679453810545 110010 101010
0.1634458092616609 110010 101100
0.4190687287960696 110010 110010
0.19626262643752987 110010 110100
0.1634458092616572 110100 101010
0.19626262643754183 110100 110010
State 364
dE =  839.4748327158029
0.6945382748958041 011010 111000
-0.6945382748958024 111000 011010
State 365
dE =  839.6861004562425
-0.122396338138032 001110 100110
0.12239633813803008 100110 001110
-0.24091539090423675 100110 101010
0.6299275607457236 100110 101100
0.13612379110953227 100110 110100
0.2409153909042377 101010 100110
-0.6299275607457295 101100 100110
-0.13612379110953915 110100 100110
State 366
dE =  839.6861004562427
-0.1223963381380306 010110 100110
0.12239633813803047 100110 010110
-0.13612379110953648 100110 101100
-0.24091539090423358 100110 110010
0.6299275607457315 100110 110100
0.13612379110953596 101100 100110
0.24091539090423633 110010 100110
-0.6299275607457251 110100 100110
State 367
dE =  839.8879676602076
0.1630514765235933 001110 101010
0.1630514765235957 010110 110010
-0.1831527384804961 011010 111000
-0.16986690579862704 011100 011100
0.1630514765235939 101010 001110
0.5157956086361019 101010 101010
0.24211864398194233 101010 101100
0.24211864398194027 101100 101010
0.16305147652359522 110010 010110
0.5157956086361069 110010 110010
0.24211864398194535 110010 110100
0.2421186439819465 110100 110010
-0.18315273848050484 111000 011010
State 368
dE =  840.7025881707589
0.10631405820467058 001110 110010
-0.10631405820466922 010110 101010
0.1063140582046705 011010 100110
0.10631405820466985 100110 011010
0.39025320147114734 100110 111000
-0.10631405820467067 101010 010110
-0.39025320147115056 101010 110100
0.390253201471145 101100 110010
0.1063140582046692 110010 001110
0.3902532014711422 110010 101100
-0.3902532014711477 110100 101010
0.3902532014711453 111000 100110
State 369
dE =  842.1209825797517
-0.2582102394737281 011010 011010
-0.529546023121568 011010 111000
-0.34978600874648985 011100 011100
-0.13439236952695602 011100 111000
-0.1539246251613247 101010 101010
-0.15392462516132208 110010 110010
-0.5295460231215654 111000 011010
-0.13439236952695624 111000 011100
0.3238990530256142 111000 111000
State 370
dE =  843.991587617441
-0.1334768087132632 010110 100110
-0.12814464736195244 011100 101100
-0.1334768087132633 100110 010110
0.29546342174643814 100110 110010
-0.6006006702125285 100110 110100
-0.12814464736193718 101100 011100
0.2954634217464395 110010 100110
-0.6006006702125289 110100 100110
State 371
dE =  843.991587617441
0.13347680871326123 001110 100110
-0.1281446473619265 011100 110100
0.13347680871326242 100110 001110
-0.29546342174644424 100110 101010
0.6006006702125347 100110 101100
-0.2954634217464414 101010 100110
0.6006006702125302 101100 100110
-0.12814464736191447 110100 011100
State 372
dE =  844.6726164375972
-0.137224645869352 001110 101010
0.13722464586936658 010110 110010
0.13722464586935618 101010 001110
0.4752642143905359 101010 101100
-0.4752642143905329 101100 101010
-0.13722464586937091 110010 010110
-0.4752642143905814 110010 110100
0.47526421439058075 110100 110010
State 373
dE =  844.6726164375972
0.13722464586936328 001110 110010
0.13722464586936248 010110 101010
-0.13722464586936134 101010 010110
-0.4752642143905562 101010 110100
0.47526421439055794 101100 110010
-0.13722464586936328 110010 001110
-0.4752642143905562 110010 101100
0.475264214390559 110100 101010
State 374
dE =  845.2326049290185
-0.16619670808723408 011010 100110
0.16619670808723552 100110 011010
0.5726911515686359 100110 111000
-0.11386815353619902 101010 110010
0.21808597881508515 101010 110100
0.21808597881508374 101100 110010
0.16062625773937053 101100 110100
0.11386815353620271 110010 101010
-0.21808597881509245 110010 101100
-0.21808597881508757 110100 101010
-0.16062625773937256 110100 101100
-0.5726911515686307 111000 100110
State 375
dE =  845.2573725616991
-0.4875533289541058 011100 101100
0.46319902439074107 011100 110100
0.4875533289540762 101100 011100
-0.4631990243907213 110100 011100
State 376
dE =  845.2573725616994
-0.463199024390741 011100 101100
-0.4875533289541089 011100 110100
0.4631990243907221 101100 011100
0.4875533289540739 110100 011100
State 377
dE =  845.7656014670276
0.140939393944495 001110 101010
0.14093939394448413 010110 110010
-0.14093939394449703 101010 001110
-0.4711824033713403 101010 101100
0.47118240337135064 101100 101010
-0.14093939394448135 110010 010110
-0.4711824033713052 110010 110100
0.4711824033712966 110100 110010
State 378
dE =  846.2461206049267
0.6144004623464207 011100 101100
0.24909939825757252 011100 110100
-0.12026336108047081 100110 110100
0.6144004623464573 101100 011100
0.24909939825758234 110100 011100
-0.1202633610804675 110100 100110
State 379
dE =  846.2461206049268
0.24909939825756375 011100 101100
-0.6144004623464171 011100 110100
-0.12026336108047415 100110 101100
0.24909939825756985 101100 011100
-0.12026336108046938 101100 100110
-0.61440046234646 110100 011100
State 380
dE =  849.1851118877801
0.17293460826154533 011010 100110
0.1729346082615463 100110 011010
0.5463710674825462 100110 111000
0.2731855337412805 101010 110100
-0.27318553374126175 101100 110010
-0.27318553374125004 110010 101100
0.27318553374129584 110100 101010
0.5463710674825407 111000 100110
State 381
dE =  849.6313318898672
-0.1136691624693199 011010 100110
0.11366916246931395 100110 011010
0.3305227397644439 100110 111000
0.35921820234056245 101010 110010
-0.3347374959829819 101010 110100
-0.33473749598297625 101100 110010
-0.11638646959703845 101100 110100
-0.3592182023408845 110010 101010
0.33473749598332125 110010 101100
0.3347374959833116 110100 101010
0.1163864695972028 110100 101100
-0.3305227397644626 111000 100110
State 382
dE =  849.6485683691329
0.35782814111058403 101010 101010
-0.3697698010942452 101010 101100
-0.12015509468079316 101010 110010
0.12416498412528114 101010 110100
-0.36976980109423746 101100 101010
-0.18673579151745248 101100 101100
0.12416498412528212 101100 110010
-0.12015509468072177 110010 101010
0.12416498412521455 110010 101100
-0.35782814111060096 110010 110010
0.3697698010942519 110010 110100
0.12416498412521675 110100 101010
0.36976980109425855 110100 110010
0.18673579151745978 110100 110100
State 383
dE =  849.648568369133
-0.12015509468075775 101010 101010
0.1241649841252493 101010 101100
-0.3578281411107458 101010 110010
0.3697698010943768 101010 110100
0.12416498412524946 101100 101010
0.36976980109440183 101100 110010
0.18673579151750608 101100 110100
-0.35782814111043754 110010 101010
0.3697698010941222 110010 101100
0.12015509468075747 110010 110010
-0.12416498412524983 110010 110100
0.36976980109409474 110100 101010
0.1867357915174047 110100 101100
-0.12416498412524629 110100 110010
State 384
dE =  850.0565510868686
-0.10776458206659924 011010 011100
0.1077645820665981 011100 011010
0.683682894975128 011100 111000
-0.6836828949751285 111000 011100
State 385
dE =  850.6738324119407
0.1706984613855685 011100 111000
0.3711128594214395 101010 101010
-0.36530740722994276 101010 101100
-0.3653074072299445 101100 101010
-0.2071765346323882 101100 101100
0.37111285942142697 110010 110010
-0.36530740722993005 110010 110100
-0.3653074072299266 110100 110010
-0.20717653463238167 110100 110100
0.17069846138557143 111000 011100
State 386
dE =  852.2934420492944
0.12247361366041855 001110 111000
-0.1800215156512711 011010 101010
0.10726001581871568 011100 101010
-0.10464765895364578 011100 101100
0.18002151565126834 101010 011010
-0.10726001581871318 101010 011100
0.6155265323972376 101010 111000
0.10464765895364551 101100 011100
0.19917677772745285 101100 111000
-0.12247361366042188 111000 001110
-0.6155265323972431 111000 101010
-0.19917677772745288 111000 101100
State 387
dE =  852.2934420492949
0.12247361366042092 010110 111000
-0.18002151565126898 011010 110010
0.10726001581871417 011100 110010
-0.10464765895364576 011100 110100
0.18002151565126856 110010 011010
-0.10726001581871432 110010 011100
0.6155265323972414 110010 111000
0.10464765895364334 110100 011100
0.19917677772745354 110100 111000
-0.12247361366042092 111000 010110
-0.6155265323972383 111000 110010
-0.19917677772745282 111000 110100
State 388
dE =  854.1451381718575
0.16240566381865112 011010 011100
-0.10401555579418445 011010 111000
0.16240566381865154 011100 011010
0.636432805863308 011100 111000
0.11196651451309017 101010 101100
0.11196651451309092 101100 101010
0.11196651451309012 110010 110100
0.11196651451309184 110100 110010
-0.10401555579418378 111000 011010
0.6364328058633062 111000 011100
0.171864909439201 111000 111000
State 389
dE =  856.2403402719946
-0.1025660787210705 001110 111000
-0.20474178383202507 011010 101010
0.10734146790862097 011100 101010
-0.2047417838320261 101010 011010
0.1073414679086215 101010 011100
-0.6402924664533483 101010 111000
-0.10185865105235566 101100 111000
-0.10256607872106935 111000 001110
-0.640292466453343 111000 101010
-0.10185865105235138 111000 101100
State 390
dE =  856.2403402719947
-0.10256607872106985 010110 111000
-0.2047417838320256 011010 110010
0.10734146790862195 011100 110010
-0.20474178383202524 110010 011010
0.10734146790862047 110010 011100
-0.6402924664533446 110010 111000
-0.10185865105235145 110100 111000
-0.10256607872106867 111000 010110
-0.6402924664533463 111000 110010
-0.101858651052355 111000 110100
State 391
dE =  857.0703777584148
0.13490885219289944 001110 110100
-0.13490885219289594 010110 101100
-0.12688504276442794 101010 110100
0.13490885219289978 101100 010110
-0.1268850427644285 101100 110010
0.6416071495891051 101100 110100
0.12688504276442228 110010 101100
-0.13490885219289647 110100 001110
0.12688504276442275 110100 101010
-0.6416071495890872 110100 101100
State 392
dE =  858.061236367259
0.1290488812270578 001110 110100
0.129048881227064 010110 101100
0.10768733741462838 101010 110010
-0.13067097067096636 101010 110100
0.12904888122706115 101100 010110
0.17706223087177284 101100 101100
-0.13067097067096944 101100 110010
0.6162136849896556 101100 110100
0.10768733741462763 110010 101010
-0.13067097067096983 110010 101100
0.12904888122706556 110100 001110
-0.1306709706709671 110100 101010
0.6162136849896713 110100 101100
-0.17706223087177353 110100 110100
State 393
dE =  858.061236367259
-0.1290488812270593 001110 101100
0.12904888122706581 010110 110100
-0.10768733741462506 101010 101010
0.13067097067096484 101010 101100
-0.12904888122706015 101100 001110
0.1306709706709649 101100 101010
-0.6162136849896455 101100 101100
0.17706223087176598 101100 110100
0.10768733741463121 110010 110010
-0.1306709706709721 110010 110100
0.12904888122706687 110100 010110
0.17706223087177875 110100 101100
-0.1306709706709732 110100 110010
0.6162136849896775 110100 110100
State 394
dE =  859.3112937496293
-0.13093444843954816 001110 101100
-0.13093444843954183 010110 110100
-0.1100235438009134 101010 101010
0.14709516001371603 101010 101100
-0.13093444843954857 101100 001110
0.14709516001371667 101100 101010
-0.627718909355621 101100 101100
-0.11002354380090712 110010 110010
0.14709516001370906 110010 110100
-0.1309344484395421 110100 010110
0.14709516001370923 110100 110010
-0.6277189093555895 110100 110100
0.1114717134401005 111000 111000
State 395
dE =  862.4362536715826
0.10252128929593006 010110 111000
-0.15706300845445628 011010 110100
-0.2767556797175338 101100 111000
-0.177143720617445 110010 111000
0.15706300845445773 110100 011010
0.5734024399742066 110100 111000
-0.10252128929592903 111000 010110
0.27675567971753684 111000 101100
0.17714372061744516 111000 110010
-0.5734024399742003 111000 110100
State 396
dE =  862.4362536715828
0.10252128929592715 001110 111000
-0.15706300845445847 011010 101100
-0.1771437206174432 101010 111000
0.15706300845445462 101100 011010
0.5734024399741967 101100 111000
0.27675567971753295 110100 111000
-0.10252128929593109 111000 001110
0.1771437206174454 111000 101010
-0.573402439974211 111000 101100
-0.2767556797175369 111000 110100
State 397
dE =  864.1698316070122
0.11570519747110286 001110 111000
0.16055665413206852 011010 101100
0.16055665413207276 101100 011010
0.6100995330642863 101100 111000
0.25079641954606474 110100 111000
0.11570519747110077 111000 001110
0.6100995330642703 111000 101100
0.25079641954606274 111000 110100
State 398
dE =  864.1698316070122
0.11570519747110107 010110 111000
0.16055665413207104 011010 110100
-0.25079641954606346 101100 111000
0.1605566541320701 110100 011010
0.6100995330642754 110100 111000
0.11570519747110179 111000 010110
-0.25079641954606385 111000 101100
0.6100995330642802 111000 110100
State 399
dE =  871.1384456780403
-0.23138977711188072 011010 111000
-0.2313897771118809 111000 011010
-0.917989295155186 111000 111000
